-1.070890545845031738e+00,-1.092308402061462402e+00,-2.398802280426025391e+00
4.278162419795989990e-01,1.223550915718078613e+00,3.440880775451660156e-01
1.219937205314636230e+00,-6.117556691169738770e-01,-1.578709036111831665e-01
-8.041920661926269531e-01,-8.071766048669815063e-02,1.006154865026473999e-01
-8.755158185958862305e-01,-2.448762655258178711e-01,-2.005903720855712891e+00
-2.036572217941284180e+00,-1.542068123817443848e-01,-4.524827301502227783e-01
1.638890057802200317e-01,2.196360588073730469e+00,1.133045673370361328e+00
3.952091634273529053e-01,1.879170775413513184e+00,2.012782812118530273e+00
-4.941999018192291260e-01,8.141614198684692383e-01,3.195248544216156006e-01
-7.057155966758728027e-01,-1.009766101837158203e+00,3.172144889831542969e-01
-2.128460884094238281e+00,-6.372534632682800293e-01,-2.467350482940673828e+00
-1.266674995422363281e+00,1.350762844085693359e+00,5.016651153564453125e-01
2.979335188865661621e-01,1.523004174232482910e+00,-4.567740485072135925e-02
-3.824192285537719727e-01,-1.027777314186096191e+00,7.724838852882385254e-01
1.591182351112365723e+00,1.595931887626647949e+00,-1.184922814369201660e+00
-1.542366266250610352e+00,-1.717486381530761719e+00,-7.180400937795639038e-02
1.215044975280761719e+00,6.493439078330993652e-01,-1.912325263023376465e+00
-1.499235183000564575e-01,-1.020589590072631836e+00,-8.499667048454284668e-01
-9.244942069053649902e-01,1.105626344680786133e+00,-4.088694751262664795e-01
-8.204885721206665039e-01,-7.946521043777465820e-01,-1.069286823272705078e+00
5.733243227005004883e-01,1.365755796432495117e+00,1.822770684957504272e-01
1.985346078872680664e-01,-2.365996688604354858e-01,3.021862804889678955e-01
1.722926259040832520e+00,-7.790430188179016113e-01,7.974095940589904785e-01
-3.951493799686431885e-01,3.745875656604766846e-01,-2.551547586917877197e-01
7.719032764434814453e-01,1.289282083511352539e+00,1.575808972120285034e-01
1.129380226135253906e+00,6.592119336128234863e-01,6.650623083114624023e-01
8.220592737197875977e-01,1.391091942787170410e+00,-9.673703312873840332e-01
-2.455872297286987305e-01,-3.455766737461090088e-01,-1.239071965217590332e+00
1.163739800453186035e+00,1.619043111801147461e+00,3.630661964416503906e-01
5.240710377693176270e-01,-8.913618326187133789e-02,-1.265344619750976562e+00
1.016644477844238281e+00,-1.298126131296157837e-01,-3.288399577140808105e-01
-7.273269891738891602e-01,-1.308695912361145020e+00,-4.596256613731384277e-01
-5.325942635536193848e-01,2.282791137695312500e-01,-8.481307029724121094e-01
-1.921733498573303223e+00,-3.641015291213989258e-01,1.075868844985961914e+00
1.088082075119018555e+00,9.242092370986938477e-01,1.874521374702453613e-01
-1.005299687385559082e+00,8.651703596115112305e-01,-7.065381407737731934e-01
1.269922733306884766e+00,1.289678335189819336e+00,-5.127618312835693359e-01
1.319624185562133789e+00,-1.175535798072814941e+00,4.144007265567779541e-01
-7.056738734245300293e-01,1.203737974166870117e+00,1.245888710021972656e+00
2.024251073598861694e-01,1.332990050315856934e+00,9.140238761901855469e-01
8.544296622276306152e-01,8.608087301254272461e-01,4.862161725759506226e-02
-4.490560293197631836e-02,-9.483687579631805420e-02,7.661182880401611328e-01
-1.016752004623413086e+00,-1.471208453178405762e+00,5.313488841056823730e-01
-9.671671390533447266e-01,3.529900684952735901e-02,-1.648648828268051147e-01
5.047616362571716309e-01,6.959453225135803223e-01,4.658153355121612549e-01
-1.126934289932250977e+00,-1.729273200035095215e+00,-9.786808490753173828e-01
-1.029396578669548035e-01,1.368362784385681152e+00,8.227099180221557617e-01
1.944565773010253906e+00,1.237378954887390137e+00,6.238485872745513916e-02
-7.740573883056640625e-01,-1.083445787429809570e+00,-2.877665758132934570e-01
5.597262978553771973e-01,3.074597120285034180e+00,1.591726839542388916e-01
-6.578798890113830566e-01,-1.142125844955444336e+00,-2.105561196804046631e-01
8.588724136352539062e-01,1.760198116302490234e+00,-1.417882680892944336e+00
1.357666254043579102e+00,-9.958180189132690430e-01,-9.002075791358947754e-01
-1.273313045501708984e+00,1.175154447555541992e+00,6.338739395141601562e-01
6.435989737510681152e-01,5.256726741790771484e-01,2.097386598587036133e+00
-3.285738527774810791e-01,-1.288481235504150391e+00,-1.016858458518981934e+00
-2.242910414934158325e-01,-4.254403710365295410e-01,-9.265074729919433594e-01
1.456897616386413574e+00,1.632177710533142090e+00,-1.323819398880004883e+00
-1.186340093612670898e+00,1.172477602958679199e+00,1.370658040046691895e+00
2.022083282470703125e+00,-1.722648262977600098e+00,9.466646909713745117e-01
5.988363027572631836e-01,8.390467166900634766e-01,8.610365986824035645e-01
-3.015729188919067383e-01,-2.165962904691696167e-01,-6.272578239440917969e-01
-3.004605174064636230e-01,-5.317664146423339844e-01,3.989356458187103271e-01
6.627352833747863770e-01,8.218640089035034180e-01,1.114151239395141602e+00
-8.153909444808959961e-01,-2.361530780792236328e+00,1.131255030632019043e+00
2.911727726459503174e-01,1.115670919418334961e+00,9.481421709060668945e-01
-1.147326664067804813e-03,8.862450718879699707e-01,-7.725418806076049805e-01
-3.776526451110839844e-01,2.962635755538940430e-01,1.739948153495788574e+00
1.433715075254440308e-01,-3.502497673034667969e-01,1.089226379990577698e-01
6.233093738555908203e-01,8.487179875373840332e-01,-4.263129234313964844e-01
8.263857364654541016e-01,8.664768934249877930e-01,7.707316875457763672e-01
1.375093698501586914e+00,4.888868629932403564e-01,1.712668418884277344e+00
2.196609020233154297e+00,-1.646035909652709961e+00,-2.430324852466583252e-01
-3.489863574504852295e-01,8.248226046562194824e-01,-5.960224866867065430e-01
3.955840170383453369e-01,1.147873401641845703e+00,7.884491682052612305e-01
-1.005210161209106445e+00,4.207472205162048340e-01,-2.060677558183670044e-01
2.872332036495208740e-01,1.480245471000671387e+00,3.438637554645538330e-01
3.208498060703277588e-01,3.316474437713623047e+00,-5.093457698822021484e-01
1.244180440902709961e+00,3.705084621906280518e-01,1.267606258392333984e+00
2.443103313446044922e+00,-1.723034143447875977e+00,-3.623383939266204834e-01
5.698442459106445312e-01,2.657991409301757812e+00,-9.688910841941833496e-01
5.734900757670402527e-02,1.558009266853332520e+00,9.677566885948181152e-01
1.279253602027893066e+00,-7.903954386711120605e-01,-1.266580343246459961e+00
-1.827951431274414062e+00,-7.613618373870849609e-01,4.283043742179870605e-01
-2.278684377670288086e+00,-3.326861619949340820e+00,8.530172109603881836e-01
-1.785279393196105957e+00,1.228958129882812500e+00,5.222114920616149902e-01
1.983053088188171387e-01,2.051808595657348633e+00,8.634957075119018555e-01
-4.270268976688385010e-02,1.635797977447509766e+00,7.417799830436706543e-01
-7.621645927429199219e-02,-1.732713818550109863e+00,-2.107728123664855957e-01
-8.191419839859008789e-01,1.526119858026504517e-01,-2.651573419570922852e-01
-2.241978347301483154e-01,6.239576935768127441e-01,7.334811687469482422e-01
1.376914739608764648e+00,1.371868491172790527e+00,-1.769428700208663940e-01
-2.183811068534851074e-01,1.646696090698242188e+00,-6.560968756675720215e-01
-2.396934509277343750e+00,-1.132314682006835938e+00,-1.210373520851135254e+00
8.016851544380187988e-01,5.090087652206420898e-01,1.934316009283065796e-01
5.631727725267410278e-02,8.338241577148437500e-01,2.707929909229278564e-01
-8.847153186798095703e-01,2.942673116922378540e-02,2.116733491420745850e-01
-2.545290291309356689e-01,6.630421280860900879e-01,-4.794597625732421875e-01
-1.420936733484268188e-01,1.434755563735961914e+00,-7.412506341934204102e-01
1.306112110614776611e-01,8.256288170814514160e-01,-1.489340305328369141e+00
9.118137955665588379e-01,9.625660777091979980e-01,-7.253789305686950684e-01
1.505920767784118652e+00,7.678308486938476562e-01,-6.751031279563903809e-01
1.299478672444820404e-02,1.293548226356506348e+00,-1.046934425830841064e-01
5.003082156181335449e-01,1.873637795448303223e+00,-1.422720432281494141e+00
-2.606582164764404297e+00,-1.009965062141418457e+00,-2.220181822776794434e-01
2.074899971485137939e-01,1.042107939720153809e+00,1.215326599776744843e-02
2.352006912231445312e+00,-7.206586003303527832e-01,5.103684961795806885e-03
8.577536344528198242e-01,5.657342076301574707e-01,3.025330305099487305e-01
4.509409144520759583e-02,-2.093342095613479614e-01,-1.706584930419921875e+00
-2.881977856159210205e-01,1.631327420473098755e-01,-5.986616015434265137e-01
-1.227484941482543945e+00,8.475907444953918457e-01,1.505238115787506104e-01
-1.757613420486450195e+00,3.206626772880554199e-01,6.833097934722900391e-01
2.726740837097167969e-01,8.800686001777648926e-01,4.325557947158813477e-01
-6.745181679725646973e-01,5.574525594711303711e-01,7.234246134757995605e-01
1.387382894754409790e-01,1.275028228759765625e+00,1.669798195362091064e-01
-1.077715396881103516e+00,-1.382890582084655762e+00,-4.766462743282318115e-01
-7.553079724311828613e-01,-3.029576539993286133e-01,8.397555947303771973e-01
2.442601621150970459e-01,3.517980813980102539e+00,2.965181767940521240e-01
-1.799880266189575195e-01,3.504556715488433838e-01,-1.702992916107177734e-01
-1.268662691116333008e+00,9.914253354072570801e-01,-9.763938784599304199e-01
8.804901838302612305e-01,-3.940643370151519775e-01,7.351676821708679199e-01
-3.033697366714477539e+00,9.797795861959457397e-02,1.472002863883972168e+00
1.529038429260253906e+00,-4.514664411544799805e-01,-6.393053531646728516e-01
-9.560731649398803711e-01,1.466868519783020020e+00,-2.329192869365215302e-02
-1.715499401092529297e+00,-1.267143487930297852e+00,6.315966844558715820e-01
-1.084239006042480469e+00,-1.040656089782714844e+00,4.231683909893035889e-01
4.428668022155761719e-01,3.311522960662841797e+00,-7.650564312934875488e-01
-1.006963372230529785e+00,-1.411203026771545410e+00,7.654760777950286865e-02
1.915164291858673096e-02,2.349437475204467773e+00,-1.187928318977355957e+00
-5.754392743110656738e-01,6.898282766342163086e-01,-6.382681727409362793e-01
5.562579035758972168e-01,3.901088237762451172e-01,9.564253091812133789e-01
2.421342283487319946e-01,6.220410466194152832e-01,6.890915334224700928e-02
2.085847139358520508e+00,-3.945389986038208008e-01,-2.527312994003295898e+00
3.810164630413055420e-01,1.295167326927185059e+00,-1.536117553710937500e+00
1.585440337657928467e-01,-3.495946824550628662e-01,1.113286256790161133e+00
2.313779443502426147e-01,1.990080833435058594e+00,6.803855895996093750e-01
-7.515221834182739258e-01,9.318440556526184082e-01,-4.635406732559204102e-01
1.507743149995803833e-01,1.213007330894470215e+00,3.634269535541534424e-01
9.124395251274108887e-01,1.045154213905334473e+00,-6.340937018394470215e-01
-1.739106327295303345e-02,2.076303958892822266e+00,3.908299505710601807e-01
3.079876601696014404e-01,-6.496814489364624023e-01,1.763658046722412109e+00
-1.080531358718872070e+00,-1.555194139480590820e+00,-2.117299139499664307e-01
7.096537351608276367e-01,2.707196474075317383e+00,-1.507175326347351074e+00
1.362717986106872559e+00,1.448911190032958984e+00,2.095862865447998047e+00
2.640137672424316406e-01,1.207084655761718750e+00,-8.245950341224670410e-01
4.877074360847473145e-01,2.755880832672119141e+00,-2.899232804775238037e-01
-9.680289030075073242e-01,1.109140038490295410e+00,8.320416808128356934e-01
-7.469773888587951660e-01,-1.470840722322463989e-01,-1.223321199417114258e+00
2.012278318405151367e+00,-1.915357470512390137e+00,7.499435544013977051e-01
7.402008175849914551e-01,3.842599391937255859e+00,-6.718323826789855957e-01
-5.983346104621887207e-01,3.425401151180267334e-01,-9.674943238496780396e-02
-2.098123550415039062e+00,-9.586551785469055176e-01,-2.144744396209716797e+00
-2.660442888736724854e-01,1.627192497253417969e+00,-1.248114228248596191e+00
-6.057872772216796875e-01,-1.092354297637939453e+00,-4.982485771179199219e-01
-5.247063636779785156e-01,7.047701478004455566e-01,-1.864693760871887207e+00
9.328059554100036621e-01,2.073790580034255981e-01,8.954936861991882324e-01
-9.100847244262695312e-01,-2.542006373405456543e-01,2.286458462476730347e-01
-8.939108252525329590e-01,-1.169407129287719727e+00,-6.409736871719360352e-01
1.593457221984863281e+00,-4.500724375247955322e-01,6.260372400283813477e-01
2.863338887691497803e-01,1.514106750488281250e+00,-8.508079051971435547e-01
2.340985059738159180e+00,-1.728807576000690460e-02,7.119168639183044434e-01
1.115009427070617676e+00,7.034700363874435425e-02,-5.107187032699584961e-01
5.473003387451171875e-01,2.355993747711181641e+00,-3.981717824935913086e-01
-7.924470305442810059e-01,-1.836181163787841797e+00,-5.724567770957946777e-01
-4.210623502731323242e-01,1.552319433540105820e-02,-1.335764288902282715e+00
-3.267383277416229248e-01,2.576805651187896729e-01,-1.693093895912170410e+00
6.585592776536941528e-02,9.197366237640380859e-01,1.360618829727172852e+00
9.125125408172607422e-01,9.353587031364440918e-01,-1.490771472454071045e-01
-1.445645809173583984e+00,-2.941119909286499023e+00,-1.235942363739013672e+00
-4.571608901023864746e-01,-1.779071092605590820e+00,-1.460374355316162109e+00
-1.127102017402648926e+00,-3.388066291809082031e-01,-7.829129695892333984e-02
5.820546150207519531e-01,2.537167787551879883e+00,1.072219848632812500e+00
6.829853057861328125e-01,-2.690473794937133789e-01,5.320831537246704102e-01
2.428625971078872681e-01,8.819673061370849609e-01,8.956836462020874023e-01
-6.814052164554595947e-02,-1.667251348495483398e+00,-5.633906722068786621e-01
1.363711833953857422e+00,8.720237612724304199e-01,-8.040087670087814331e-02
6.561585068702697754e-01,1.171232104301452637e+00,-1.169610023498535156e+00
1.509485721588134766e+00,3.662409484386444092e-01,8.054642081260681152e-01
-2.324667215347290039e+00,-2.207677364349365234e+00,1.453115344047546387e+00
6.804566979408264160e-01,2.425781965255737305e+00,6.923612356185913086e-01
5.258732438087463379e-01,3.757923603057861328e+00,1.051887869834899902e+00
-1.375974655151367188e+00,1.638192534446716309e-01,-9.788292646408081055e-02
-1.472213625907897949e+00,1.783323884010314941e-01,-1.302276968955993652e+00
1.850235581398010254e+00,-2.796046435832977295e-01,-3.377594053745269775e-01
7.119044065475463867e-01,1.519853353500366211e+00,-7.843717336654663086e-01
9.447259902954101562e-01,2.389609664678573608e-01,-1.397884130477905273e+00
9.370624423027038574e-01,4.767335891723632812e+00,9.270384907722473145e-01
-4.587370157241821289e-01,1.274184882640838623e-01,-1.377554297447204590e+00
1.309925317764282227e+00,-8.093784004449844360e-02,3.664195537567138672e-01
5.052194595336914062e-01,5.882843732833862305e-01,-1.930929422378540039e-01
-5.855234265327453613e-01,9.764623045921325684e-01,1.110745549201965332e+00
-3.027692139148712158e-01,-4.208393990993499756e-01,-3.177536427974700928e-01
1.223976254463195801e+00,1.112029671669006348e+00,1.499986410140991211e+00
2.538871049880981445e+00,-3.022715806961059570e+00,1.181949734687805176e+00
4.683120250701904297e-01,3.164717197418212891e+00,8.993058651685714722e-02
-7.519964575767517090e-01,-1.272952437400817871e+00,1.426013410091400146e-01
2.375480890274047852e+00,-2.097275733947753906e+00,8.494091033935546875e-01
-4.574309587478637695e-01,2.667073607444763184e-01,1.082540750503540039e-01
-4.758255481719970703e-01,2.666920125484466553e-01,-2.888987362384796143e-01
-3.578944802284240723e-01,-8.201870322227478027e-02,1.081012487411499023e+00
-8.296541869640350342e-02,8.588189482688903809e-01,1.596074461936950684e+00
5.717885494232177734e-01,1.641472339630126953e+00,8.033064603805541992e-01
-1.143863916397094727e+00,3.633635640144348145e-01,-1.506669670343399048e-01
-8.232807517051696777e-01,-4.590263366699218750e-01,3.193638026714324951e-01
-1.407218217849731445e+00,-5.331332683563232422e-01,-1.662639617919921875e+00
-2.889294363558292389e-02,9.620627164840698242e-01,2.224199771881103516e-01
6.001279354095458984e-01,1.457647562026977539e+00,1.251141190528869629e+00
5.634339451789855957e-01,4.731886863708496094e+00,9.973838925361633301e-01
1.349460959434509277e+00,5.225824713706970215e-01,-5.486105754971504211e-02
-1.642736345529556274e-01,2.587114810943603516e+00,1.160683870315551758e+00
7.357359677553176880e-02,1.020464077591896057e-01,2.986671626567840576e-01
8.871845006942749023e-01,8.833220601081848145e-01,3.857231438159942627e-01
4.057157933712005615e-01,2.385332107543945312e+00,2.782762944698333740e-01
-6.094700694084167480e-01,3.078686818480491638e-02,-2.917098402976989746e-01
1.984282881021499634e-01,1.313516736030578613e+00,-6.750559806823730469e-01
9.911918044090270996e-01,1.550283193588256836e+00,9.955802559852600098e-01
-3.185438811779022217e-01,1.845625400543212891e+00,-1.082249164581298828e+00
9.956964254379272461e-01,1.098992824554443359e+00,-1.817187070846557617e+00
1.500902175903320312e-01,1.596673846244812012e+00,1.166217327117919922e+00
1.078461647033691406e+00,8.254424333572387695e-01,2.971188127994537354e-01
1.269925832748413086e+00,1.023801088333129883e+00,1.343201249837875366e-01
-4.413768351078033447e-01,3.377131223678588867e-01,-3.208455443382263184e-01
1.020324707031250000e+00,1.070229172706604004e+00,3.786105662584304810e-02
7.271518707275390625e-01,1.579272031784057617e+00,8.337141275405883789e-01
3.265627920627593994e-01,1.243119478225708008e+00,-8.863372206687927246e-01
-3.171384036540985107e-01,-1.973714530467987061e-01,2.443778812885284424e-01
2.685926854610443115e-01,-4.432521760463714600e-02,1.148592829704284668e+00
4.233731888234615326e-03,5.412570834159851074e-01,1.285126656293869019e-01
-5.559359788894653320e-01,-1.136587858200073242e+00,9.710717201232910156e-01
-8.287978172302246094e-01,-8.410664647817611694e-02,1.892933726310729980e+00
-4.640637934207916260e-01,-8.848146796226501465e-01,-4.116944074630737305e-01
4.310315549373626709e-01,2.811179637908935547e+00,2.244741022586822510e-01
4.570654332637786865e-01,1.603657364845275879e+00,-2.717267870903015137e-01
6.358154416084289551e-01,3.067009925842285156e+00,1.363341957330703735e-01
1.085369437932968140e-01,2.890006005764007568e-01,5.780361294746398926e-01
-7.253715991973876953e-01,-1.219723932445049286e-02,-6.811214089393615723e-01
1.421029090881347656e+00,6.500833034515380859e-01,1.594603300094604492e+00
-2.047577142715454102e+00,-1.568113267421722412e-01,5.188078880310058594e-01
9.749748706817626953e-01,2.100596904754638672e+00,-3.807393014430999756e-01
1.378251791000366211e+00,-3.173174858093261719e-01,9.052618741989135742e-01
6.701833605766296387e-01,1.637226343154907227e-01,1.800552010536193848e+00
-1.399931311607360840e+00,-1.381504893302917480e+00,1.179720163345336914e+00
1.543542742729187012e-01,1.815081357955932617e+00,2.643879652023315430e+00
4.904455542564392090e-01,1.695838332176208496e+00,8.895956277847290039e-01
1.601914763450622559e+00,3.447198867797851562e-01,1.879482865333557129e+00
-9.966902732849121094e-01,3.430728986859321594e-02,2.467261105775833130e-01
7.124335765838623047e-01,2.409075975418090820e+00,-2.129746913909912109e+00
-7.620990872383117676e-01,-1.883482336997985840e-01,-1.846225976943969727e+00
-1.922269612550735474e-01,2.219843864440917969e-01,-7.435330152511596680e-01
-1.111367344856262207e+00,-1.069489717483520508e+00,5.135469436645507812e-01
-9.023409485816955566e-01,6.428166031837463379e-01,-8.637166619300842285e-01
1.096254348754882812e+00,-4.847999289631843567e-02,1.214840888977050781e+00
8.648990392684936523e-01,3.013954639434814453e+00,1.732814311981201172e+00
-1.055477976799011230e+00,-3.455787003040313721e-01,-1.924433588981628418e+00
1.573710292577743530e-01,8.745062351226806641e-01,2.580938577651977539e+00
1.824930906295776367e+00,8.709025979042053223e-01,-1.792679309844970703e+00
-9.978951811790466309e-01,7.291715741157531738e-01,-4.455803632736206055e-01
2.794213593006134033e-01,2.103981256484985352e+00,4.923461377620697021e-01
1.008453249931335449e+00,8.005669713020324707e-01,1.908087372779846191e+00
-7.194378972053527832e-01,9.481920301914215088e-02,5.706572532653808594e-01
2.264331817626953125e+00,-1.333143711090087891e+00,-8.935303092002868652e-01
-1.588876724243164062e+00,-1.543781280517578125e+00,-1.551097512245178223e+00
-2.207699567079544067e-01,2.677745819091796875e-01,-2.470011860132217407e-01
-3.111954331398010254e-01,1.180459022521972656e+00,-1.508042573928833008e+00
-3.554109111428260803e-02,-4.952065050601959229e-01,-6.316746473312377930e-01
-1.053589224815368652e+00,1.448343247175216675e-01,1.228255510330200195e+00
-2.083225250244140625e+00,3.629417121410369873e-01,1.048863649368286133e+00
1.451354384422302246e+00,1.009757369756698608e-01,9.954243898391723633e-01
-1.540482044219970703e-01,2.114016771316528320e+00,6.942461729049682617e-01
1.443127393722534180e+00,-6.838143467903137207e-01,2.604354619979858398e-01
-1.226249456405639648e+00,9.431399703025817871e-01,1.460955500602722168e+00
-7.876461744308471680e-01,-1.506984710693359375e+00,1.873789876699447632e-01
1.083593964576721191e+00,2.131926059722900391e+00,9.741928428411483765e-02
-1.200170040130615234e+00,-2.708240985870361328e+00,-7.013895511627197266e-01
-1.121147274971008301e-01,-8.108879923820495605e-01,2.034377813339233398e+00
5.954313874244689941e-01,3.310904204845428467e-01,-5.205810666084289551e-01
-1.257333397865295410e+00,1.330063790082931519e-01,4.500547945499420166e-01
-6.996234655380249023e-01,2.576737403869628906e-01,-9.116385579109191895e-01
-1.410709023475646973e+00,-6.862555742263793945e-01,-1.695460200309753418e+00
-1.711182594299316406e+00,4.318385198712348938e-02,4.713623523712158203e-01
4.510066211223602295e-01,1.121638298034667969e+00,2.072296887636184692e-01
-3.270558416843414307e-01,8.557632565498352051e-01,4.906922578811645508e-01
2.979374229907989502e-01,2.025442123413085938e+00,1.223375439643859863e+00
1.851934194564819336e+00,7.185975909233093262e-01,2.176855653524398804e-01
-3.330864012241363525e-01,8.377678394317626953e-01,-4.953385517001152039e-02
-1.827324271202087402e+00,1.164325624704360962e-01,-3.441304266452789307e-01
4.032653570175170898e-01,-7.422842979431152344e-01,5.386614799499511719e-01
-1.668262034654617310e-01,2.396086215972900391e+00,-8.372898697853088379e-01
-9.061067700386047363e-01,-1.222275495529174805e+00,3.473295867443084717e-01
5.089802145957946777e-01,2.562733173370361328e+00,-1.432393789291381836e+00
-8.645747601985931396e-02,1.279265999794006348e+00,5.963794589042663574e-01
4.177927225828170776e-02,-1.660222113132476807e-01,8.828347921371459961e-01
1.861707329750061035e+00,5.658214688301086426e-01,-8.394858241081237793e-01
1.224304139614105225e-01,-3.147252202033996582e-01,-4.641073942184448242e-01
7.015302777290344238e-01,1.030194878578186035e+00,-2.950684130191802979e-01
1.034507989883422852e+00,2.486592531204223633e+00,3.944739997386932373e-01
-1.389239788055419922e+00,-1.274636864662170410e+00,7.982557415962219238e-01
1.177923083305358887e+00,5.560208559036254883e-01,-1.947954595088958740e-01
2.210580408573150635e-01,3.343948423862457275e-01,4.110788106918334961e-01
3.128356635570526123e-01,2.106338262557983398e+00,3.054597973823547363e-01
-2.257972955703735352e-01,1.103995800018310547e+00,1.396448850631713867e+00
-7.346805334091186523e-01,-1.244445085525512695e+00,1.644225358963012695e+00
1.999795317649841309e+00,-2.081023454666137695e+00,5.410840511322021484e-01
1.807195663452148438e+00,-2.015368700027465820e+00,-2.187979072332382202e-01
1.084397673606872559e+00,1.923137187957763672e+00,-1.825698971748352051e+00
1.667742013931274414e+00,-2.658110558986663818e-01,4.719670712947845459e-01
-8.041380047798156738e-01,8.037632107734680176e-01,5.928725004196166992e-01
-1.171686649322509766e+00,-1.149488463997840881e-01,-1.588112860918045044e-01
-1.299818634986877441e+00,-1.126407027244567871e+00,8.725079894065856934e-01
-8.664277791976928711e-01,-3.488307595252990723e-01,-1.000418305397033691e+00
-9.243702888488769531e-02,1.550811171531677246e+00,7.506381869316101074e-01
-1.078212738037109375e+00,-1.318317890167236328e+00,4.770955741405487061e-01
7.418360114097595215e-01,5.134305953979492188e-01,3.140820562839508057e-01
3.762328997254371643e-02,1.756701707839965820e+00,3.856807053089141846e-01
-5.199211239814758301e-01,1.541216850280761719e+00,1.100909471511840820e+00
3.157929182052612305e+00,-2.487452507019042969e+00,-9.204205870628356934e-01
2.848925590515136719e+00,-2.276754140853881836e+00,1.711223721504211426e+00
-1.450698494911193848e+00,3.795388340950012207e-01,8.310860395431518555e-02
1.543480753898620605e+00,1.540120691061019897e-01,9.878297150135040283e-02
-1.867004334926605225e-01,3.333039999008178711e+00,2.649495601654052734e-01
1.517944455146789551e+00,2.920241832733154297e+00,-1.452371358871459961e+00
1.108785629272460938e+00,7.440662980079650879e-01,-2.907838225364685059e-01
-4.772387146949768066e-01,-1.115118145942687988e+00,-5.314449667930603027e-01
1.224218518473207951e-03,1.544978618621826172e+00,-6.754400730133056641e-01
-6.306393742561340332e-01,-2.513591349124908447e-01,-1.147775530815124512e+00
-8.400319218635559082e-01,-2.791109681129455566e-01,6.066520214080810547e-01
-5.814162492752075195e-01,-1.637473702430725098e+00,-1.520747184753417969e+00
5.611398220062255859e-01,-5.832990407943725586e-01,-9.839980006217956543e-01
1.705780327320098877e-01,2.322563886642456055e+00,-5.358284711837768555e-01
-9.758459329605102539e-01,-6.417819857597351074e-01,1.129291534423828125e+00
1.030442476272583008e+00,1.913361996412277222e-01,6.561476588249206543e-01
-9.191769361495971680e-01,-1.053914785385131836e+00,-1.147705554962158203e+00
-1.466572936624288559e-02,4.019090235233306885e-01,7.388112545013427734e-01
-6.261765956878662109e-02,8.867146372795104980e-01,1.054154992103576660e+00
3.312155902385711670e-01,3.180374622344970703e+00,-6.708855628967285156e-01
-1.470323204994201660e+00,-1.414904475212097168e+00,1.161375761032104492e+00
-6.228236556053161621e-01,-3.484068214893341064e-01,-1.728051602840423584e-01
6.591219902038574219e-01,6.588546633720397949e-01,1.638420224189758301e-01
-3.144427537918090820e-01,-1.434188485145568848e-01,-6.230003237724304199e-01
-6.129763722419738770e-01,-3.742187321186065674e-01,1.360535144805908203e+00
1.652710080146789551e+00,-7.826472520828247070e-01,-5.164776444435119629e-01
1.385375857353210449e+00,1.777643918991088867e+00,-1.939123630523681641e+00
1.130750417709350586e+00,-5.720044374465942383e-01,-1.024936556816101074e+00
6.114336252212524414e-01,7.712772488594055176e-01,3.830122575163841248e-02
3.694294765591621399e-02,1.846887350082397461e+00,-8.762661814689636230e-01
-2.411815524101257324e-01,5.862017869949340820e-01,8.250095695257186890e-02
2.195061683654785156e+00,-7.098967432975769043e-01,1.524895906448364258e+00
-1.659531742334365845e-01,-1.738342195749282837e-01,1.922445297241210938e-01
1.843004822731018066e+00,-1.217922687530517578e+00,1.112420916557312012e+00
2.535257339477539062e-01,8.397553563117980957e-01,1.112414956092834473e+00
7.057160139083862305e-01,1.167585015296936035e+00,-1.038707613945007324e+00
1.096226930618286133e+00,1.105993747711181641e+00,-1.020202994346618652e+00
-1.488672494888305664e+00,-9.009581208229064941e-01,-1.244704365730285645e+00
7.234026789665222168e-01,1.919933199882507324e+00,-9.358883500099182129e-01
-7.257081102579832077e-03,6.395850777626037598e-01,1.228257775306701660e+00
-1.720903158187866211e+00,-1.972993731498718262e+00,-8.194007873535156250e-01
-1.357916593551635742e+00,-1.838452339172363281e+00,4.905816167593002319e-02
8.120175451040267944e-02,7.362231016159057617e-01,9.244976639747619629e-01
-1.509755551815032959e-01,4.999026656150817871e-01,1.360559344291687012e+00
3.606255948543548584e-01,9.221229553222656250e-01,-5.053780078887939453e-01
2.417646944522857666e-01,1.261175036430358887e+00,-9.318847060203552246e-01
-1.241242960095405579e-01,-7.445392198860645294e-03,6.798309087753295898e-01
4.112837612628936768e-01,1.825210690498352051e+00,-6.707285642623901367e-01
8.684501647949218750e-01,2.455941438674926758e+00,-1.408936858177185059e+00
4.626427292823791504e-01,9.494888186454772949e-01,-1.432642936706542969e-01
7.496135234832763672e-01,2.049686908721923828e+00,-1.645822227001190186e-01
1.495676040649414062e+00,7.419366240501403809e-01,-1.025767773389816284e-01
-7.975125908851623535e-01,9.225127696990966797e-01,1.410993933677673340e+00
-3.321506381034851074e-01,-1.016557574272155762e+00,-1.017250657081604004e+00
2.125280380249023438e+00,-2.886325120925903320e+00,4.037862718105316162e-01
1.086857914924621582e+00,2.244256496429443359e+00,-4.553502202033996582e-01
-6.310505270957946777e-01,-1.026062369346618652e+00,-1.264263153076171875e+00
-1.363891959190368652e+00,4.510332047939300537e-01,2.508609294891357422e-01
-7.666598558425903320e-01,-4.750227034091949463e-01,8.481619358062744141e-01
-5.548741817474365234e-01,5.820704698562622070e-01,-9.335417747497558594e-01
-1.474678277969360352e+00,1.403784036636352539e+00,-5.829067826271057129e-01
-1.332831501960754395e+00,-1.481007099151611328e+00,-9.250793606042861938e-02
-3.406536281108856201e-01,-3.637315332889556885e-01,-1.305491447448730469e+00
1.329760998487472534e-01,4.097110033035278320e-01,5.257988572120666504e-01
2.909267902374267578e+00,-2.478402376174926758e+00,-1.450330734252929688e+00
8.525385856628417969e-01,2.411478042602539062e+00,-6.342930793762207031e-01
7.863363623619079590e-01,1.736186265945434570e+00,-5.783573389053344727e-01
5.019774436950683594e-01,2.178444713354110718e-01,6.604484915733337402e-01
-2.074255466461181641e+00,-8.618240952491760254e-01,5.867055058479309082e-01
2.653357088565826416e-01,8.171762824058532715e-01,-1.207449287176132202e-01
-2.204370498657226562e-01,8.452983498573303223e-01,-1.156932115554809570e+00
1.128377437591552734e+00,1.720869302749633789e+00,-7.688575387001037598e-01
7.764465212821960449e-01,1.622743964195251465e+00,-2.104434967041015625e+00
1.750422865152359009e-01,1.564761042594909668e+00,-1.403350830078125000e+00
-7.388225197792053223e-01,-8.714818954467773438e-01,1.142915964126586914e+00
1.522307515144348145e+00,1.461612105369567871e+00,-1.128256618976593018e-01
-3.547662794589996338e-01,1.359647605568170547e-02,8.583474755287170410e-01
-1.799314975738525391e+00,-9.179559350013732910e-01,-3.517041355371475220e-02
-8.110671490430831909e-02,4.944074749946594238e-01,-8.666909486055374146e-02
6.038467288017272949e-01,2.737634658813476562e+00,-1.016119360923767090e+00
-1.786807060241699219e+00,-3.645059764385223389e-01,-8.674361705780029297e-01
-1.120025753974914551e+00,-2.414832711219787598e-01,6.955298781394958496e-01
-7.944394946098327637e-01,-1.029363870620727539e+00,-1.413270473480224609e+00
-4.362205266952514648e-01,-1.675961017608642578e+00,9.295824170112609863e-02
1.694380521774291992e+00,-8.352536559104919434e-01,-2.482856512069702148e-01
-3.975636363029479980e-01,9.637482166290283203e-01,1.310838460922241211e+00
1.048737287521362305e+00,2.936283349990844727e+00,-1.332669973373413086e+00
-6.899322867393493652e-01,7.184449434280395508e-01,-6.055036187171936035e-01
-2.758081555366516113e-01,2.298895716667175293e-01,8.279479742050170898e-01
-1.698498845100402832e+00,-3.415775001049041748e-01,4.235709831118583679e-02
-4.807091653347015381e-01,3.204611539840698242e-01,1.387481808662414551e+00
8.339704573154449463e-02,-3.265027105808258057e-01,1.325558871030807495e-01
-4.870195686817169189e-01,5.400275588035583496e-01,5.478911995887756348e-01
-1.394277531653642654e-02,1.502781987190246582e+00,7.354730963706970215e-01
8.235884308815002441e-01,1.248406052589416504e+00,-1.699424743652343750e+00
8.389945030212402344e-01,-4.138840138912200928e-01,6.337138414382934570e-01
6.119403243064880371e-01,1.185159087181091309e+00,4.086916148662567139e-02
1.384835481643676758e+00,2.273982018232345581e-01,1.847485750913619995e-01
3.267517089843750000e-01,6.999785900115966797e-01,-1.181911677122116089e-01
-1.128511071205139160e+00,-1.481758952140808105e+00,1.087470650672912598e+00
2.598302662372589111e-01,1.083427429199218750e+00,5.822826027870178223e-01
5.113775730133056641e-01,2.354953050613403320e+00,1.541584968566894531e+00
2.456307888031005859e+00,-1.462785840034484863e+00,-1.158073544502258301e+00
1.315477252006530762e+00,6.197493672370910645e-01,1.358294725418090820e+00
-2.291158437728881836e-01,-1.359368205070495605e+00,1.475026607513427734e+00
1.654236674308776855e+00,-1.194288372993469238e+00,-1.081272006034851074e+00
3.614941239356994629e-02,1.157150194048881531e-01,1.643192648887634277e+00
-3.491815030574798584e-01,1.755048871040344238e+00,3.127255439758300781e-01
6.136220693588256836e-01,1.624040842056274414e+00,-9.564854502677917480e-01
1.363124966621398926e+00,-2.363189011812210083e-01,-4.166062176227569580e-01
6.509258747100830078e-01,1.226275682449340820e+00,-2.972112596035003662e-01
9.664289355278015137e-01,3.401827096939086914e+00,5.962530374526977539e-01
-6.749489307403564453e-01,-2.863361835479736328e-01,-3.779315352439880371e-01
6.718949228525161743e-02,2.016523033380508423e-01,6.235516071319580078e-01
9.434632658958435059e-01,1.763180375099182129e+00,-3.224322199821472168e-02
1.329687714576721191e+00,1.031231760978698730e+00,1.410060763359069824e+00
1.650653332471847534e-01,8.658052682876586914e-01,1.861711144447326660e+00
-4.189197421073913574e-01,-4.470601379871368408e-01,-7.488403916358947754e-01
2.944854736328125000e+00,-7.365032434463500977e-01,1.084901094436645508e+00
-4.241099953651428223e-01,-3.485917747020721436e-01,-6.501440405845642090e-01
-7.251274585723876953e-01,-4.883401393890380859e-01,5.578935742378234863e-01
-8.914197683334350586e-01,-7.523857355117797852e-01,8.152889013290405273e-01
5.717852115631103516e-01,3.194494247436523438e+00,1.767981290817260742e+00
-1.801028661429882050e-02,-2.760088443756103516e-01,3.760951161384582520e-01
-2.270101785659790039e+00,-3.108219504356384277e-01,-1.001272678375244141e+00
-6.230071187019348145e-01,3.948338925838470459e-01,8.373064994812011719e-01
1.026406735181808472e-01,1.709022045135498047e+00,8.454994559288024902e-01
-1.086943745613098145e+00,2.854379713535308838e-01,1.506502330303192139e-01
-1.665387153625488281e+00,-5.953496098518371582e-01,-1.312329292297363281e+00
-2.669582366943359375e-01,-1.555098414421081543e+00,-6.281097978353500366e-02
-7.813566923141479492e-01,9.490687251091003418e-01,-1.357607483863830566e+00
1.917641609907150269e-01,1.554334759712219238e+00,1.035804674029350281e-01
1.325621485710144043e+00,-1.551243185997009277e+00,-1.263248175382614136e-01
3.212928771972656250e-01,1.750836372375488281e-01,-9.678109884262084961e-01
2.192775905132293701e-01,9.419062733650207520e-01,8.333323597908020020e-01
1.390111327171325684e+00,-9.998936057090759277e-01,-7.354831099510192871e-01
-1.041376709938049316e+00,-1.455957770347595215e+00,-1.616632819175720215e+00
-8.289435505867004395e-02,6.243029236793518066e-01,1.463029384613037109e+00
6.785111427307128906e-01,1.265748500823974609e+00,-7.775006890296936035e-01
1.480046361684799194e-01,2.552741765975952148e+00,-8.016131520271301270e-01
1.164092794060707092e-01,2.585214138031005859e+00,1.832907915115356445e+00
8.064505457878112793e-01,1.329335927963256836e+00,6.747151613235473633e-01
1.872856020927429199e+00,-1.916239112615585327e-01,4.854190945625305176e-01
8.766823410987854004e-01,1.262127041816711426e+00,3.834313526749610901e-02
3.367478549480438232e-01,3.740823984146118164e+00,4.257954657077789307e-01
-2.209030240774154663e-01,7.356145977973937988e-01,-2.290754346176981926e-03
-1.358941435813903809e+00,-6.451177000999450684e-01,7.003356814384460449e-01
4.270823895931243896e-01,1.329169034957885742e+00,1.818700790405273438e+00
-7.550902366638183594e-01,-1.191094994544982910e+00,-3.279464319348335266e-02
2.622614204883575439e-01,1.459591746330261230e+00,-3.020773231983184814e-01
-2.035905122756958008e-01,6.334347128868103027e-01,1.578738093376159668e+00
-1.910815119743347168e+00,-6.421096622943878174e-02,3.279694821685552597e-03
-1.042825818061828613e+00,-1.175570249557495117e+00,-2.620034694671630859e+00
1.848505020141601562e+00,-5.514065623283386230e-01,-2.079460322856903076e-01
-1.591758131980895996e+00,-2.287312000989913940e-01,3.695492446422576904e-01
4.702237248420715332e-01,7.225598692893981934e-01,1.393979907035827637e+00
-2.979780435562133789e-01,9.760496616363525391e-01,-3.762122094631195068e-01
-9.262259006500244141e-01,-2.555635690689086914e+00,2.921480312943458557e-02
-1.061714768409729004e+00,6.782547235488891602e-01,-5.239853262901306152e-01
1.258352875709533691e+00,8.753359913825988770e-01,-2.240463793277740479e-01
6.525496840476989746e-01,1.573157310485839844e+00,-7.572939991950988770e-01
1.242935895919799805e+00,4.946548938751220703e-01,2.017674207687377930e+00
2.279693603515625000e+00,-1.080748960375785828e-01,3.537453711032867432e-02
9.102565050125122070e-01,1.102318912744522095e-01,8.757668733596801758e-02
-6.468695998191833496e-01,1.253802031278610229e-01,-4.320339560508728027e-01
-3.559328317642211914e-01,7.163981795310974121e-01,-1.799426436424255371e+00
4.300533831119537354e-01,-4.173950478434562683e-02,2.879324853420257568e-01
-3.078677058219909668e-01,1.095548868179321289e+00,2.115768790245056152e-01
-6.374850869178771973e-01,4.387634396553039551e-01,1.291822314262390137e+00
6.925227642059326172e-01,7.275324463844299316e-01,1.673985600471496582e+00
1.270274043083190918e+00,3.245674371719360352e-01,1.100932836532592773e+00
-1.007202625274658203e+00,2.483729124069213867e-01,-1.756061017513275146e-01
-8.046274185180664062e-01,2.108833491802215576e-01,-1.336727440357208252e-01
2.611265480518341064e-01,1.477281808853149414e+00,1.564471840858459473e+00
8.171877264976501465e-01,2.236073017120361328e-01,-3.722524940967559814e-01
1.598278284072875977e+00,6.325336694717407227e-01,1.364657521247863770e+00
-1.165055394172668457e+00,-1.808950603008270264e-01,1.147180438041687012e+00
-1.802488565444946289e+00,-1.777634739875793457e+00,-4.077597334980964661e-02
-5.808010101318359375e-01,-2.733083367347717285e-01,-1.099184378981590271e-01
1.660026788711547852e+00,1.469558626413345337e-01,8.110721111297607422e-01
-7.024697028100490570e-03,4.806948602199554443e-01,6.114769577980041504e-01
4.096270799636840820e-01,2.589552164077758789e+00,3.292321562767028809e-01
-1.155763626098632812e+00,-8.396805822849273682e-02,-4.171185791492462158e-01
1.224919199943542480e+00,3.101087212562561035e-01,-1.110477566719055176e+00
-8.826419711112976074e-01,-9.454923868179321289e-01,7.340670824050903320e-01
3.326277136802673340e-01,5.757188796997070312e-01,-1.907907962799072266e+00
-1.448116749525070190e-01,2.107597827911376953e+00,2.285378277301788330e-01
-8.836185336112976074e-01,-1.231347799301147461e+00,-3.529719412326812744e-01
-1.043617367744445801e+00,-1.369147062301635742e+00,1.707113265991210938e+00
1.988086223602294922e+00,4.669703543186187744e-01,-6.042230725288391113e-01
5.763059854507446289e-01,1.585451126098632812e+00,5.003632903099060059e-01
4.115459024906158447e-01,6.029710918664932251e-02,1.902711033821105957e+00
-4.943082630634307861e-01,-5.055400729179382324e-01,-3.711265027523040771e-01
-1.788440495729446411e-01,3.217748999595642090e-01,-6.582836508750915527e-01
-9.402167797088623047e-01,-3.609474003314971924e-01,1.289366126060485840e+00
-2.193822145462036133e+00,-6.117336153984069824e-01,2.000879287719726562e+00
-2.602403610944747925e-02,1.400553464889526367e+00,1.911083608865737915e-02
-9.108378291130065918e-01,-6.347795724868774414e-01,1.741863608360290527e+00
-1.088409304618835449e+00,-8.805102109909057617e-01,1.044084787368774414e+00
8.353855013847351074e-01,-1.073111146688461304e-01,2.819546461105346680e-01
1.632445216178894043e+00,5.831058621406555176e-01,-7.998341321945190430e-01
5.803274512290954590e-01,3.327108860015869141e+00,1.398002386093139648e+00
1.376719832420349121e+00,1.825123786926269531e+00,1.344315886497497559e+00
-1.546338479965925217e-02,1.188705325126647949e+00,2.640269100666046143e-01
-8.857364654541015625e-01,4.030920863151550293e-01,-8.215709924697875977e-01
-5.400452390313148499e-02,8.885173201560974121e-01,6.396617889404296875e-01
-6.393200755119323730e-01,2.519800662994384766e-01,5.059857293963432312e-02
9.665607213973999023e-01,1.567636966705322266e+00,-6.135814785957336426e-01
9.811466932296752930e-01,1.855479627847671509e-01,-1.006023764610290527e+00
-2.367680311203002930e+00,-9.617077112197875977e-01,1.169525742530822754e+00
8.276945948600769043e-01,1.453681826591491699e+00,-1.212956905364990234e-01
1.361497402191162109e+00,7.776218652725219727e-01,2.229612618684768677e-01
-1.393704533576965332e+00,-6.326350569725036621e-01,8.337408304214477539e-02
1.747160196304321289e+00,1.042077466845512390e-01,-2.003816217184066772e-01
-2.647158205509185791e-01,4.608008265495300293e-01,-5.787994340062141418e-02
2.507732212543487549e-01,1.912239551544189453e+00,1.131813168525695801e+00
2.631631121039390564e-02,4.500320255756378174e-01,-7.940728068351745605e-01
8.039523363113403320e-01,2.059361457824707031e+00,8.286465406417846680e-01
3.847093880176544189e-01,1.254292488098144531e+00,6.253911256790161133e-01
-7.171370983123779297e-01,-3.593090474605560303e-01,-2.481640100479125977e+00
-1.161041781306266785e-01,-2.870734930038452148e-01,-1.640897512435913086e+00
-5.138263106346130371e-01,-1.838246345520019531e+00,1.412629485130310059e+00
1.647090166807174683e-01,6.313515901565551758e-01,4.599553998559713364e-03
-1.639876663684844971e-01,5.714061260223388672e-01,3.890445455908775330e-02
-1.817525506019592285e+00,-5.976985692977905273e-01,-1.721507072448730469e+00
-4.454556107521057129e-01,1.508984208106994629e+00,-2.865157604217529297e+00
2.261428982019424438e-01,-6.369009017944335938e-01,1.243645548820495605e+00
-3.658386468887329102e-01,1.129875421524047852e+00,3.405172228813171387e-01
-4.023593962192535400e-01,-1.699535608291625977e+00,-2.474270582199096680e+00
8.488389253616333008e-01,7.978776097297668457e-01,-1.193532943725585938e-01
-9.835692644119262695e-01,-2.060290575027465820e+00,-6.057965755462646484e-01
-4.221228361129760742e-01,-3.452396392822265625e+00,1.181685566902160645e+00
-5.094083547592163086e-01,8.949641585350036621e-01,1.325351119041442871e+00
1.666459679603576660e+00,2.004884928464889526e-01,8.047412633895874023e-01
1.344179511070251465e+00,-7.154296636581420898e-01,-5.160153508186340332e-01
2.287560850381851196e-01,3.769820630550384521e-01,5.206367969512939453e-01
1.371148943901062012e+00,-8.237989991903305054e-02,1.565499782562255859e+00
6.321599483489990234e-01,1.464121341705322266e+00,-1.454419255256652832e+00
-3.251529455184936523e+00,-3.023118376731872559e-01,-6.796188354492187500e-01
8.856192976236343384e-02,-6.224545836448669434e-01,-1.472222328186035156e+00
-1.247583985328674316e+00,-3.439940214157104492e-01,2.889851927757263184e-01
4.110014736652374268e-01,2.422190904617309570e+00,-6.617917418479919434e-01
-5.500074625015258789e-01,4.544905722141265869e-01,-4.939131736755371094e-01
-4.231911301612854004e-01,5.682306289672851562e-01,6.505123972892761230e-01
-1.236527264118194580e-01,1.315307021141052246e+00,-2.076869606971740723e-01
-7.319677621126174927e-02,2.714304924011230469e+00,4.912223815917968750e-01
7.080696225166320801e-01,7.171753048896789551e-01,1.920830905437469482e-01
1.486653804779052734e+00,3.194941580295562744e-02,-4.977165758609771729e-01
-5.174406990408897400e-02,-8.280203938484191895e-01,-4.342127144336700439e-01
-5.232821106910705566e-01,4.521621465682983398e-01,2.098150491714477539e+00
-1.577001690864562988e+00,2.710284888744354248e-01,-4.833735227584838867e-01
-2.820588052272796631e-01,4.569163918495178223e-01,-1.809695959091186523e+00
7.776709794998168945e-01,2.000995874404907227e+00,-9.298963546752929688e-01
5.048610270023345947e-02,-6.192982941865921021e-02,6.489601731300354004e-01
2.708120942115783691e-01,2.467423439025878906e+00,-1.954501748085021973e+00
-7.387104630470275879e-01,-3.951871097087860107e-01,4.338276982307434082e-01
1.021469831466674805e+00,2.976025581359863281e+00,1.164818167686462402e+00
4.724081754684448242e-01,1.109900832176208496e+00,-1.980377316474914551e+00
2.436791181564331055e+00,-7.332536578178405762e-01,8.074879050254821777e-01
3.574485778808593750e-01,-1.967436075210571289e-01,5.965620279312133789e-01
2.565832734107971191e-01,1.008468508720397949e+00,-9.965750575065612793e-01
1.690021395683288574e+00,1.543313622474670410e+00,1.155085802078247070e+00
-3.753056228160858154e-01,1.229089975357055664e+00,-5.705581307411193848e-01
-2.723489403724670410e-01,2.188119173049926758e+00,6.243517398834228516e-01
1.857727766036987305e+00,-3.120205700397491455e-01,-6.330811977386474609e-01
9.716512560844421387e-01,1.403533220291137695e+00,-6.310105323791503906e-01
2.165964394807815552e-01,2.648640871047973633e+00,-3.161137402057647705e-01
-1.608659625053405762e+00,8.124023079872131348e-01,-6.980060935020446777e-01
4.409499466419219971e-01,1.792769312858581543e+00,-2.625043690204620361e-01
-2.379236459732055664e+00,-3.863388299942016602e-01,9.114913940429687500e-01
-1.237079620361328125e+00,-8.461362123489379883e-01,-1.185123443603515625e+00
-1.254551112651824951e-01,8.394995331764221191e-01,1.154597759246826172e+00
-8.267917633056640625e-01,2.878601290285587311e-02,-4.390083849430084229e-01
1.837084442377090454e-01,2.497400760650634766e+00,5.320734977722167969e-01
-1.068717479705810547e+00,-8.238663673400878906e-01,-9.581329226493835449e-01
2.833397388458251953e-01,1.124268054962158203e+00,1.034013368189334869e-02
2.688473463058471680e-02,5.801157355308532715e-01,6.924328207969665527e-01
2.278193682432174683e-01,-2.896853089332580566e-01,-7.063621282577514648e-01
-5.958551168441772461e-01,-6.265963315963745117e-01,-4.106523096561431885e-01
-6.364624500274658203e-01,-5.683784484863281250e-01,-1.491842269897460938e+00
2.363596677780151367e+00,-2.461418151855468750e+00,-4.562409222126007080e-01
-9.461600780487060547e-01,-2.369265705347061157e-01,-1.256594181060791016e+00
-5.433433502912521362e-02,4.355675876140594482e-01,-3.777043819427490234e-01
2.768529951572418213e-01,2.995784878730773926e-01,7.477979362010955811e-02
-2.071116924285888672e+00,-1.557798027992248535e+00,2.120655059814453125e+00
7.292174100875854492e-01,5.723541975021362305e-01,1.916127681732177734e+00
1.385587573051452637e+00,1.821237921714782715e+00,2.308217734098434448e-01
-3.979645669460296631e-01,1.466725111007690430e+00,5.954684019088745117e-01
1.994007468223571777e+00,1.283045291900634766e+00,-8.049070835113525391e-01
-1.340905070304870605e+00,1.820846796035766602e+00,-4.129353463649749756e-01
-1.498594135046005249e-01,1.334808230400085449e+00,7.233808040618896484e-01
4.452092945575714111e-01,5.923803448677062988e-01,1.595704317092895508e+00
1.000797271728515625e+00,2.010664463043212891e+00,-4.934233129024505615e-01
-2.176253497600555420e-01,9.891836047172546387e-01,6.688226461410522461e-01
-3.834402561187744141e-01,6.895892024040222168e-01,-8.279247879981994629e-01
7.828337550163269043e-01,5.570788383483886719e-01,-1.567021250724792480e+00
2.629513442516326904e-01,1.479332923889160156e+00,9.428269267082214355e-01
-6.419258713722229004e-01,1.288847327232360840e+00,-2.565444231033325195e+00
-2.251151800155639648e-01,4.736021459102630615e-01,-5.110710263252258301e-01
-2.527496576309204102e+00,-8.196758627891540527e-01,1.607735276222229004e+00
4.926039874553680420e-01,1.933359980583190918e+00,5.394808650016784668e-01
1.085232734680175781e+00,1.967132210731506348e+00,9.663016200065612793e-01
9.622573256492614746e-01,2.434879302978515625e+00,-1.753722906112670898e+00
-2.263392210006713867e+00,-1.812929272651672363e+00,-1.027789711952209473e+00
-1.086121678352355957e+00,-7.585902810096740723e-01,-1.298822641372680664e+00
3.700498938560485840e-01,8.203924298286437988e-01,1.366540491580963135e-01
-1.233284711837768555e+00,-1.453042030334472656e-01,-1.024209335446357727e-01
-3.937015309929847717e-02,-5.833007693290710449e-01,5.370191931724548340e-01
6.165353059768676758e-01,2.272331953048706055e+00,-2.009426653385162354e-01
-9.656373262405395508e-01,1.431676745414733887e-01,-1.233494162559509277e+00
3.837755918502807617e-01,2.224689245223999023e+00,-2.685848474502563477e-01
-2.579261660575866699e-01,-1.404914706945419312e-01,6.635711193084716797e-01
7.270472049713134766e-01,1.744085192680358887e+00,-9.317290782928466797e-01
-1.766641139984130859e+00,-3.339532762765884399e-02,8.854586482048034668e-01
-7.510845661163330078e-01,-1.562372297048568726e-01,3.653367161750793457e-01
-1.820219993591308594e+00,-6.468384861946105957e-01,-1.772724278271198273e-02
5.969667434692382812e-01,1.068942904472351074e+00,-6.290516853332519531e-01
9.937996268272399902e-01,9.329726099967956543e-01,-1.404485553503036499e-01
-7.104180455207824707e-01,3.745288848876953125e-01,-3.989274203777313232e-01
7.681555747985839844e-01,2.529951095581054688e+00,-4.664708077907562256e-01
-2.346617542207241058e-02,1.410247206687927246e+00,-8.119412064552307129e-01
-1.061887025833129883e+00,2.629849910736083984e-01,1.497728586196899414e+00
9.724905490875244141e-01,2.139149904251098633e+00,-7.250015139579772949e-01
-6.880992650985717773e-01,-5.570392012596130371e-01,6.339720487594604492e-01
-3.849471509456634521e-01,1.124410033226013184e-01,5.775563120841979980e-01
-1.228047966957092285e+00,-4.272197932004928589e-02,-1.834678411483764648e+00
-3.548069894313812256e-01,1.893458962440490723e+00,3.528009951114654541e-01
2.460737526416778564e-01,1.154338479042053223e+00,-1.278157472610473633e+00
1.477276086807250977e-01,3.075212955474853516e+00,1.844997406005859375e+00
-1.094159126281738281e+00,-1.336215019226074219e+00,-1.707877367734909058e-01
-1.276724934577941895e+00,-2.334514409303665161e-01,4.905698001384735107e-01
-1.983934640884399414e-01,-3.116753697395324707e-01,5.916048288345336914e-01
-6.097543835639953613e-01,-7.092402577400207520e-01,-3.571758270263671875e-01
-3.524825870990753174e-01,6.731449365615844727e-01,7.542482614517211914e-01
-2.048287391662597656e+00,-2.324882149696350098e-01,-7.603548765182495117e-01
-1.415316015481948853e-01,6.669350266456604004e-01,2.027583718299865723e-01
-8.990892767906188965e-02,-3.153839707374572754e-02,1.328745484352111816e+00
-4.534408748149871826e-01,2.228116691112518311e-01,-2.061640977859497070e+00
8.692283034324645996e-01,3.852733075618743896e-01,-1.642524957656860352e+00
-2.040775120258331299e-01,2.754245102405548096e-01,4.411055147647857666e-01
1.164052844047546387e+00,4.001298546791076660e-01,-5.097757577896118164e-01
1.634338498115539551e-01,2.683605253696441650e-01,-8.286972641944885254e-01
9.162942171096801758e-01,9.591631293296813965e-01,1.312510132789611816e+00
5.728843212127685547e-01,1.352115154266357422e+00,8.493060469627380371e-01
4.989632070064544678e-01,5.101162195205688477e-01,-1.534579843282699585e-01
-1.493624091148376465e+00,2.485989779233932495e-01,-8.930840492248535156e-01
-1.773421049118041992e+00,3.882782757282257080e-01,8.957728147506713867e-01
4.659285768866539001e-02,7.035721540451049805e-01,9.431748986244201660e-01
2.977305352687835693e-01,1.680800080299377441e+00,1.238041043281555176e+00
2.201617807149887085e-01,9.234089851379394531e-01,1.681099772453308105e+00
-1.431009918451309204e-01,6.335424184799194336e-01,2.437822341918945312e+00
1.176120162010192871e+00,-2.023814432322978973e-02,2.963882386684417725e-01
-3.538753092288970947e-01,5.971546750515699387e-03,-9.960517883300781250e-01
8.823695182800292969e-01,1.751587271690368652e+00,-3.268893361091613770e-01
-2.810101807117462158e-01,-6.792756915092468262e-01,-5.503882765769958496e-01
6.831024289131164551e-01,2.004106521606445312e+00,-1.147544860839843750e+00
2.674630582332611084e-01,1.840215444564819336e+00,6.549496054649353027e-01
-3.008775413036346436e-01,-8.661010861396789551e-01,-5.066090822219848633e-01
-5.667195916175842285e-01,-1.634505926631391048e-03,8.143544793128967285e-01
8.598186373710632324e-01,8.372265100479125977e-01,1.500841379165649414e+00
-7.494654655456542969e-01,2.337353676557540894e-01,3.919054269790649414e-01
-1.102723002433776855e+00,-2.144760370254516602e+00,-1.729014754295349121e+00
8.487867712974548340e-01,1.031391143798828125e+00,-3.807864665985107422e+00
-2.582232952117919922e+00,-1.238209843635559082e+00,4.098810851573944092e-01
1.606898903846740723e+00,1.490216732025146484e+00,2.593257725238800049e-01
8.068050742149353027e-01,1.682057976722717285e+00,-1.460579037666320801e-01
-6.301237344741821289e-01,-1.272041916847229004e+00,-1.809909641742706299e-01
1.065845966339111328e+00,1.223472118377685547e+00,4.806684255599975586e-01
-1.499274969100952148e+00,-1.070606708526611328e+00,-7.750926613807678223e-01
8.245576024055480957e-01,2.005830526351928711e+00,1.029040336608886719e+00
1.382954955101013184e+00,-4.443619251251220703e-01,8.342344760894775391e-01
-1.047452688217163086e+00,-1.590701103210449219e+00,1.016454696655273438e+00
-5.352010726928710938e-01,6.773905158042907715e-01,-5.825247168540954590e-01
-1.770116537809371948e-01,-1.124680876731872559e+00,-1.243700265884399414e+00
3.708252310752868652e-01,1.712823510169982910e+00,-1.198517322540283203e+00
-8.195068240165710449e-01,1.080476522445678711e+00,2.987009286880493164e-01
-1.435176491737365723e+00,-1.378226041793823242e+00,3.848051130771636963e-01
-1.081701993942260742e+00,-4.130789935588836670e-01,4.678895175457000732e-01
-1.983676105737686157e-01,6.701623648405075073e-02,5.338576063513755798e-02
1.587290048599243164e+00,8.666642904281616211e-01,5.424620509147644043e-01
-2.013255804777145386e-01,-8.649263381958007812e-01,6.749272346496582031e-01
5.451813340187072754e-01,2.509003162384033203e+00,2.003536701202392578e+00
5.792036652565002441e-01,7.250629663467407227e-01,9.584535360336303711e-01
-6.759691238403320312e-01,5.204777717590332031e-01,2.122896164655685425e-01
1.177384018898010254e+00,7.197586447000503540e-02,9.279544353485107422e-01
3.791870921850204468e-02,1.082943558692932129e+00,1.043402671813964844e+00
-7.451686263084411621e-01,-4.309218823909759521e-01,-1.605248332023620605e+00
1.766152262687683105e+00,1.190353512763977051e+00,8.740436434745788574e-01
-4.850226640701293945e-01,-1.339713811874389648e+00,5.798093080520629883e-01
-1.956316530704498291e-01,5.669800639152526855e-01,-5.699629187583923340e-01
2.182440042495727539e+00,-1.023276299238204956e-01,-8.564757108688354492e-01
8.820701837539672852e-01,2.326190233230590820e+00,4.055871367454528809e-01
-5.223171710968017578e-01,-6.739393472671508789e-01,-2.142779111862182617e+00
7.183957844972610474e-03,1.193706035614013672e+00,1.026040911674499512e+00
5.787755250930786133e-01,2.312489509582519531e+00,1.682678580284118652e+00
-7.467812895774841309e-01,-3.878020346164703369e-01,4.663150608539581299e-01
1.044650554656982422e+00,7.831271290779113770e-01,8.131127357482910156e-01
-2.995858192443847656e-01,-2.689921259880065918e-01,1.072258353233337402e+00
-9.401776194572448730e-01,-3.104667365550994873e-01,1.996367812156677246e+00
-2.332139164209365845e-01,2.357707321643829346e-01,-2.403159618377685547e+00
-2.017528563737869263e-01,4.185431301593780518e-01,1.664019107818603516e+00
-2.103921473026275635e-01,2.693276405334472656e-01,-6.115554645657539368e-02
-1.976002931594848633e+00,-1.892478108406066895e+00,9.275833517313003540e-02
-9.393361210823059082e-01,-1.859404087066650391e+00,4.923758208751678467e-01
1.013269424438476562e+00,-4.365876317024230957e-01,1.720137953758239746e+00
1.109731793403625488e+00,2.608425855636596680e+00,-1.289614886045455933e-01
-8.272756636142730713e-02,1.597098112106323242e+00,1.330485701560974121e+00
-2.485158681869506836e+00,1.747795194387435913e-01,-1.313608288764953613e-01
-1.011888265609741211e+00,-1.753798961639404297e+00,-1.268714368343353271e-01
6.378210186958312988e-01,8.912183046340942383e-01,9.051514267921447754e-01
-4.148573279380798340e-01,2.443789131939411163e-02,-1.771185398101806641e+00
-4.926269352436065674e-01,1.513644456863403320e+00,-1.901885271072387695e+00
-2.197835683822631836e+00,-1.639907360076904297e-01,-2.627241373062133789e+00
5.728421807289123535e-01,1.844084143638610840e+00,2.765179872512817383e-01
4.108934998512268066e-01,1.790558695793151855e+00,-3.608635663986206055e-01
7.368336915969848633e-01,1.868565917015075684e+00,4.394152015447616577e-02
1.481279492378234863e+00,5.207082033157348633e-01,7.694332003593444824e-01
-6.088294982910156250e-01,-1.729763299226760864e-01,8.066384792327880859e-01
-3.539462387561798096e-01,-6.035597920417785645e-01,1.621699810028076172e+00
-1.948389530181884766e+00,-2.341529607772827148e+00,-1.647849678993225098e+00
1.959139466285705566e+00,-5.278523564338684082e-01,3.998047411441802979e-01
-7.518580555915832520e-01,-1.473288834095001221e-01,-5.073838233947753906e-01
9.867812395095825195e-01,2.438866376876831055e+00,6.375767588615417480e-01
1.727275490760803223e+00,-5.432090759277343750e-01,-1.190922141075134277e+00
4.399441182613372803e-01,3.248555421829223633e+00,1.009319946169853210e-01
-1.576918244361877441e+00,1.529403179883956909e-01,-1.987034380435943604e-01
-4.508724510669708252e-01,-1.910506129264831543e+00,4.246658086776733398e-01
2.282465621829032898e-02,2.267307043075561523e+00,1.067440629005432129e+00
2.915794551372528076e-01,3.244043111801147461e+00,7.942086458206176758e-01
3.363858163356781006e-01,1.446124076843261719e+00,-8.935758471488952637e-01
-9.350753575563430786e-02,1.546765804290771484e+00,-9.111797809600830078e-02
1.140177369117736816e+00,1.491733342409133911e-01,-7.558523416519165039e-01
-1.687249052338302135e-03,-3.541069850325584412e-02,-3.453696072101593018e-01
-1.455627530813217163e-01,2.137964725494384766e+00,1.722279191017150879e-01
1.145047903060913086e+00,1.479517102241516113e+00,-2.554966211318969727e-01
-1.273231983184814453e+00,-1.955600142478942871e+00,3.835124373435974121e-01
1.020970568060874939e-01,1.663947582244873047e+00,5.615451335906982422e-01
6.380466222763061523e-01,8.623795509338378906e-01,-1.078922867774963379e+00
-2.389375686645507812e+00,-1.130172967910766602e+00,-7.486532330513000488e-01
-6.239953041076660156e-01,2.918105125427246094e-01,6.789352893829345703e-01
-3.429032862186431885e-01,1.646769642829895020e+00,-5.934035181999206543e-01
2.015776634216308594e+00,-1.462733864784240723e+00,-2.186918973922729492e+00
7.329406738281250000e-01,9.950795024633407593e-02,7.824002504348754883e-01
3.227585256099700928e-01,2.795696496963500977e+00,1.670675128698348999e-01
1.586237698793411255e-01,-1.848440915346145630e-01,-3.371168673038482666e-02
1.909577660262584686e-02,8.130074143409729004e-01,-1.212633848190307617e+00
8.544870018959045410e-01,7.945621609687805176e-01,-1.853795409202575684e+00
-1.249767541885375977e+00,3.300750553607940674e-01,8.165878653526306152e-01
-7.836593389511108398e-01,5.834811925888061523e-01,1.289730668067932129e+00
1.264252364635467529e-01,-1.364346295595169067e-01,6.270595192909240723e-01
1.273629784584045410e+00,-3.406711816787719727e-01,1.434186458587646484e+00
-1.639816641807556152e+00,1.027847647666931152e+00,1.496030241250991821e-01
-8.326987028121948242e-01,6.700704097747802734e-01,-1.447957605123519897e-01
-6.026416420936584473e-01,-1.067074656486511230e+00,-1.243623614311218262e+00
-5.963926911354064941e-01,-4.620492756366729736e-01,-1.905839145183563232e-01
-1.111564278602600098e+00,7.148049473762512207e-01,6.095771789550781250e-01
1.450140237808227539e+00,-4.352625906467437744e-01,2.567241787910461426e-01
-2.758141160011291504e-01,4.403699934482574463e-02,-1.053733706474304199e+00
-1.282632112503051758e+00,-1.046397447586059570e+00,-7.904154658317565918e-01
2.494490444660186768e-01,1.524842619895935059e+00,5.658694505691528320e-01
5.615842938423156738e-01,1.015878200531005859e+00,4.796422272920608521e-02
-1.658484101295471191e+00,7.840989828109741211e-01,-1.729386858642101288e-02
4.396302103996276855e-01,6.871570944786071777e-01,3.953766822814941406e-01
1.903786301612854004e+00,-2.442723810672760010e-01,1.523629784584045410e+00
2.504012882709503174e-01,3.488248288631439209e-01,3.769417703151702881e-01
-6.571438908576965332e-02,-3.437419533729553223e-01,2.213019847869873047e+00
9.472638964653015137e-01,2.319513797760009766e+00,-6.745602935552597046e-02
-8.735510706901550293e-02,2.922210991382598877e-01,-1.132247567176818848e+00
-9.014325737953186035e-01,8.154428601264953613e-01,6.392664909362792969e-01
1.058860659599304199e+00,1.483360290527343750e+00,-1.067684650421142578e+00
-1.960507869720458984e+00,-1.883100867271423340e-01,-1.245597243309020996e+00
3.508313596248626709e-01,5.513275265693664551e-01,1.394668668508529663e-01
-6.446603536605834961e-01,-1.333859205245971680e+00,2.118405103683471680e+00
-5.917798280715942383e-01,1.320197582244873047e+00,-6.986680030822753906e-01
-7.346708178520202637e-01,1.100406646728515625e+00,-3.898995518684387207e-01
1.210476398468017578e+00,1.191899538040161133e+00,-5.177609920501708984e-01
-1.280232787132263184e+00,-8.862014412879943848e-01,9.223592281341552734e-01
5.590581297874450684e-01,1.939659714698791504e+00,1.809028148651123047e+00
-5.155655145645141602e-01,2.027331829071044922e+00,5.136701464653015137e-01
7.658064961433410645e-01,3.185001015663146973e-01,-6.463004946708679199e-01
-9.431461691856384277e-01,-9.530614614486694336e-01,-7.792257666587829590e-01
8.430666327476501465e-01,1.933588266372680664e+00,-3.765530586242675781e-01
-6.691691279411315918e-01,-1.508421540260314941e+00,6.560130715370178223e-01
1.908093541860580444e-01,1.060158491134643555e+00,-1.074921965599060059e+00
1.270204186439514160e+00,1.989248096942901611e-01,1.307232975959777832e+00
1.266115605831146240e-01,8.862788677215576172e-01,-1.606849551200866699e+00
3.678731918334960938e-01,2.059458971023559570e+00,-2.695772424340248108e-02
1.611432433128356934e-01,7.007890343666076660e-01,9.247856140136718750e-01
2.777031064033508301e-01,6.239964067935943604e-02,-4.870881438255310059e-01
5.564067363739013672e-01,1.421128034591674805e+00,-7.091090679168701172e-01
-1.563763916492462158e-01,-1.041158556938171387e+00,-8.157123923301696777e-01
9.317450523376464844e-01,2.220785915851593018e-01,1.191721200942993164e+00
-1.888072371482849121e+00,1.365559101104736328e+00,1.246385693550109863e+00
6.406147032976150513e-03,-2.032707035541534424e-01,1.172098610550165176e-02
-9.202567934989929199e-01,-6.460932493209838867e-01,-8.310841917991638184e-01
-6.778070926666259766e-01,1.708956211805343628e-01,7.759706377983093262e-01
9.335581660270690918e-01,3.101710796356201172e+00,1.262673854827880859e+00
3.265762031078338623e-01,6.176771521568298340e-01,-5.895334482192993164e-01
6.024376749992370605e-01,1.496852785348892212e-01,-4.839134812355041504e-01
-1.269583940505981445e+00,-7.339112758636474609e-01,5.161687731742858887e-01
9.432272315025329590e-01,4.523278772830963135e-01,-1.535179853439331055e+00
-9.334635138511657715e-01,-2.372385710477828979e-01,1.063681721687316895e+00
-6.434715986251831055e-01,-2.303033322095870972e-01,1.417740583419799805e-01
-4.881878495216369629e-01,-7.760476320981979370e-02,-1.463459283113479614e-01
7.223100662231445312e-01,2.682754039764404297e+00,-7.250705957412719727e-01
-1.577802300453186035e+00,-1.073546409606933594e+00,-1.270576357841491699e+00
1.109671115875244141e+00,6.094831824302673340e-01,9.611816704273223877e-02
7.427323609590530396e-02,1.903983831405639648e+00,6.827547550201416016e-01
4.340675175189971924e-01,2.329719781875610352e+00,5.173286199569702148e-01
-7.977902293205261230e-01,-2.131229162216186523e+00,7.131811976432800293e-01
-1.315209507942199707e+00,9.548826217651367188e-01,-1.345224618911743164e+00
-3.732056915760040283e-01,-6.822752952575683594e-02,-9.012161493301391602e-01
5.582786165177822113e-03,1.825662970542907715e+00,-8.568482398986816406e-01
-9.168326854705810547e-01,-5.775934457778930664e-01,1.508504390716552734e+00
-7.950906753540039062e-01,-5.920315384864807129e-01,8.887953758239746094e-01
-6.028128862380981445e-01,-4.599424898624420166e-01,-2.600943446159362793e-01
7.943130731582641602e-01,2.311709642410278320e+00,-4.683692008256912231e-02
1.198191165924072266e+00,4.612320065498352051e-01,-1.056874155998229980e+00
-2.092734128236770630e-01,-4.951287209987640381e-01,-2.286957353353500366e-01
-1.790487766265869141e-01,2.162968397140502930e+00,-7.854364514350891113e-01
-1.250190138816833496e+00,2.515026330947875977e-01,-1.529361486434936523e+00
1.334750056266784668e-01,7.520083785057067871e-01,1.211622238159179688e+00
-1.976234674453735352e+00,-1.720007658004760742e+00,-1.417681574821472168e+00
5.948035717010498047e-01,1.093104124069213867e+00,8.311284333467483521e-02
4.903093874454498291e-01,2.684274673461914062e+00,7.226068377494812012e-01
-2.468131631612777710e-01,7.251749634742736816e-01,2.054075479507446289e+00
-4.680377542972564697e-01,-1.240771174430847168e+00,-1.193294882774353027e+00
-9.363247156143188477e-01,-2.151275634765625000e+00,3.162618875503540039e-01
3.164358437061309814e-01,2.823067605495452881e-01,6.676566004753112793e-01
1.709293842315673828e+00,6.314300894737243652e-01,7.658691406250000000e-01
2.555332481861114502e-01,2.844758749008178711e+00,-8.077690005302429199e-01
2.894891500473022461e-01,5.883765220642089844e-01,5.913781523704528809e-01
1.183082163333892822e-01,1.990972757339477539e+00,4.178136214613914490e-02
1.038396120071411133e+00,1.005933046340942383e+00,4.360020458698272705e-01
2.357277274131774902e-02,5.687166452407836914e-01,-6.531713604927062988e-01
2.803060412406921387e-01,1.230360984802246094e+00,5.020905733108520508e-01
2.086487859487533569e-01,9.158015251159667969e-01,3.958858922123908997e-02
6.500210165977478027e-01,1.063620448112487793e+00,-4.072759747505187988e-01
-6.492815017700195312e-01,-3.692475855350494385e-01,-2.919352650642395020e-01
1.457203745841979980e+00,1.314619541168212891e+00,4.444342553615570068e-01
7.678081393241882324e-01,-1.890062093734741211e-01,-1.000735759735107422e+00
-2.499603629112243652e-01,-9.790151566267013550e-02,1.863134205341339111e-01
5.145096033811569214e-02,1.913416504859924316e+00,-9.270485639572143555e-01
-1.229595661163330078e+00,-1.666363477706909180e-01,1.388727784156799316e+00
-1.517299413681030273e+00,-7.766158580780029297e-01,-4.539023041725158691e-01
-1.015291094779968262e+00,5.110780000686645508e-01,1.887000441551208496e+00
-8.709241747856140137e-01,-6.079441905021667480e-01,1.278460025787353516e+00
2.965805232524871826e-01,1.443824887275695801e+00,-7.670048475265502930e-01
-7.658571600914001465e-01,-2.340989351272583008e+00,-4.811479449272155762e-01
-6.583610177040100098e-02,2.184282779693603516e+00,-1.227147459983825684e+00
1.554314792156219482e-01,4.881606698036193848e-01,-1.157404109835624695e-01
-5.103701949119567871e-01,1.072255969047546387e+00,1.671275615692138672e+00
-1.021687030792236328e+00,-1.059867069125175476e-01,2.688220143318176270e-02
-5.436063408851623535e-01,2.268621921539306641e-01,4.609647691249847412e-01
1.494611352682113647e-01,1.488728880882263184e+00,2.968353033065795898e-01
-1.076349735260009766e+00,7.311574816703796387e-01,-1.402280211448669434e+00
-2.028335809707641602e+00,-2.259385138750076294e-01,1.486714363098144531e+00
-2.220430411398410797e-02,6.731723546981811523e-01,-6.339768171310424805e-01
6.860147714614868164e-01,3.186492919921875000e+00,-1.524945050477981567e-01
4.865610003471374512e-01,9.230192303657531738e-01,1.721648812294006348e+00
1.524394392967224121e+00,2.289262413978576660e-01,1.538295984268188477e+00
1.127622604370117188e+00,1.070494651794433594e+00,-3.373645246028900146e-02
-1.522101044654846191e+00,1.976240240037441254e-02,-1.407146215438842773e+00
-1.374069750308990479e-01,6.578091382980346680e-01,-1.296922087669372559e+00
4.265896975994110107e-01,4.513632953166961670e-01,3.856964111328125000e-01
-5.992032289505004883e-01,1.372835636138916016e-01,-7.456859946250915527e-01
-7.760945558547973633e-01,4.728372991085052490e-01,-7.344076037406921387e-02
-2.143749952316284180e+00,-9.294368624687194824e-01,1.131199955940246582e+00
-1.553304940462112427e-01,2.099973917007446289e+00,1.882323771715164185e-01
-5.889535546302795410e-01,-4.851173460483551025e-01,2.816131114959716797e-01
-1.311903357505798340e+00,5.568757057189941406e-01,6.166281700134277344e-01
-6.338371038436889648e-01,-9.488012790679931641e-01,1.470360040664672852e+00
-2.407236397266387939e-01,4.669341742992401123e-01,3.483456075191497803e-01
2.621106803417205811e-01,9.593685269355773926e-01,5.955289602279663086e-01
1.696646332740783691e+00,5.428825020790100098e-01,-1.234171509742736816e+00
7.635371685028076172e-01,1.231147170066833496e+00,-3.434373736381530762e-01
-1.244764447212219238e+00,-1.393637955188751221e-01,-4.298064857721328735e-02
2.340878546237945557e-02,2.807604789733886719e+00,2.878554724156856537e-02
3.636403679847717285e-01,1.357022523880004883e+00,1.505352973937988281e+00
-1.293062567710876465e+00,4.183093309402465820e-01,5.287628620862960815e-02
-1.574487805366516113e+00,1.293806195259094238e+00,3.165595829486846924e-01
-9.476955980062484741e-02,-3.781868815422058105e-01,4.409407079219818115e-01
1.296343564987182617e+00,-1.184435263276100159e-01,-1.167553186416625977e+00
-1.518149077892303467e-01,7.191112637519836426e-01,8.526534438133239746e-01
-3.153406083583831787e-02,2.727126181125640869e-01,-1.162454605102539062e+00
9.195215255022048950e-02,1.045647263526916504e+00,5.908700451254844666e-02
3.373925387859344482e-01,2.278300285339355469e+00,-1.817046999931335449e+00
8.637162446975708008e-01,3.068701744079589844e+00,5.017012357711791992e-01
9.984154999256134033e-02,2.934640169143676758e+00,-5.816621184349060059e-01
2.630251646041870117e-01,8.206650018692016602e-01,-1.584401607513427734e+00
7.323330640792846680e-01,2.692571878433227539e-01,-7.575253397226333618e-02
1.155610561370849609e+00,1.197344541549682617e+00,1.045571208000183105e+00
-2.091133892536163330e-01,5.220090225338935852e-02,5.237480998039245605e-01
2.082093358039855957e-01,7.714498043060302734e-01,-4.900170266628265381e-01
1.223766058683395386e-01,2.340700387954711914e+00,6.844616532325744629e-01
1.150650501251220703e+00,1.136833548545837402e+00,1.302117466926574707e+00
-1.089682653546333313e-01,6.762767210602760315e-03,-7.234754562377929688e-01
-2.382560670375823975e-01,-7.879387140274047852e-01,-3.034049272537231445e-01
-5.672350525856018066e-01,-6.273534297943115234e-01,-1.130589365959167480e+00
9.044169783592224121e-01,2.921556711196899414e+00,-9.645045995712280273e-01
7.012110352516174316e-01,1.718750834465026855e+00,2.093599736690521240e-01
-2.529021799564361572e-01,-1.568301796913146973e+00,-4.813223779201507568e-01
3.982620239257812500e-01,1.052622050046920776e-01,-2.982784211635589600e-01
-7.831799983978271484e-01,6.213287115097045898e-01,-1.104788064956665039e+00
-8.713136911392211914e-01,-1.937895298004150391e+00,-1.754535436630249023e+00
-5.468133464455604553e-02,-1.812247335910797119e-01,1.658453941345214844e+00
-1.734056234359741211e+00,1.246134638786315918e+00,-7.971305847167968750e-01
-1.070639491081237793e+00,6.070992350578308105e-01,-1.137445449829101562e+00
-1.866867206990718842e-02,1.653804421424865723e+00,-9.731752276420593262e-01
-4.748811423778533936e-01,3.991169035434722900e-01,5.995756983757019043e-01
-1.484820604324340820e+00,9.259214997291564941e-01,3.505841791629791260e-01
-2.667101621627807617e-01,7.593692541122436523e-01,-4.711683988571166992e-01
-7.767570614814758301e-01,2.836903631687164307e-01,-1.331389188766479492e+00
1.320273399353027344e+00,1.529084742069244385e-01,-9.801843762397766113e-02
-9.238048195838928223e-01,-5.509840846061706543e-01,4.134956374764442444e-02
9.555335044860839844e-01,2.356536388397216797e-01,-1.158881068229675293e+00
-3.406148552894592285e-01,5.274160504341125488e-01,9.747887849807739258e-01
-3.306308984756469727e-01,2.210525274276733398e+00,-8.221127390861511230e-01
8.637750148773193359e-01,-9.114390611648559570e-02,-5.325722694396972656e-01
-1.366854548454284668e+00,7.254976034164428711e-01,-5.846665501594543457e-01
-1.241184711456298828e+00,-2.122280836105346680e+00,-3.989648073911666870e-02
1.190593600273132324e+00,1.413181185722351074e+00,6.800603866577148438e-01
8.726274371147155762e-01,-7.183141708374023438e-01,1.371146440505981445e+00
-2.123517543077468872e-01,8.371718525886535645e-01,1.092219829559326172e+00
1.935205161571502686e-01,1.572098851203918457e+00,4.595987871289253235e-02
4.769235551357269287e-01,2.545755386352539062e+00,-3.897880613803863525e-01
8.746892213821411133e-03,1.588523030281066895e+00,1.348974704742431641e+00
6.864053755998611450e-02,8.784188628196716309e-01,-1.053329825401306152e+00
3.353567719459533691e-01,2.766859292984008789e+00,-7.866026163101196289e-01
1.729585886001586914e+00,1.020004227757453918e-01,-9.212389588356018066e-01
-3.931410014629364014e-01,6.080969572067260742e-01,2.249981760978698730e-01
-1.214965730905532837e-01,1.838754653930664062e+00,5.778043270111083984e-01
-5.509176254272460938e-01,4.334613084793090820e-01,-1.709472179412841797e+00
-9.418980479240417480e-01,-1.132949829101562500e+00,-1.312283396720886230e+00
-3.460460528731346130e-02,-3.384588658809661865e-01,-1.197545170783996582e+00
-1.230593442916870117e+00,-2.726660668849945068e-01,1.731513500213623047e+00
1.963318824768066406e+00,5.836530327796936035e-01,-7.646267861127853394e-02
-5.849843844771385193e-02,7.821887731552124023e-03,1.247917890548706055e+00
5.134876966476440430e-01,2.142806053161621094e+00,4.636066854000091553e-01
2.224416255950927734e+00,-1.774903893470764160e+00,-5.351779460906982422e-01
4.435607194900512695e-01,5.222781300544738770e-01,-6.084799766540527344e-01
2.072864770889282227e+00,8.951028436422348022e-02,8.551217913627624512e-01
-6.173488497734069824e-01,-3.255887329578399658e-02,-1.552234768867492676e+00
6.485970616340637207e-01,1.036765336990356445e+00,1.760278105735778809e+00
-6.135740876197814941e-01,-6.575521826744079590e-01,-3.904015943408012390e-02
-1.743453145027160645e+00,9.334359169006347656e-01,-7.472909092903137207e-01
1.338961243629455566e+00,1.159319758415222168e+00,2.613920271396636963e-01
-2.215635478496551514e-01,-6.620742678642272949e-01,-1.148280262947082520e+00
-3.543910682201385498e-01,2.624159753322601318e-01,5.990833044052124023e-01
3.690586686134338379e-01,1.630305528640747070e+00,-1.557275772094726562e+00
-2.894191443920135498e-01,9.940266013145446777e-01,1.309002637863159180e+00
-6.120387911796569824e-01,9.432141780853271484e-01,5.048434734344482422e-01
2.071662425994873047e+00,2.499514073133468628e-01,1.709294438362121582e+00
7.030280772596597672e-03,7.531812787055969238e-01,-1.232805848121643066e+00
-1.526826471090316772e-01,1.054040342569351196e-01,7.335103750228881836e-01
-2.796600103378295898e+00,-1.783903121948242188e+00,9.979850649833679199e-01
1.107234120368957520e+00,-9.130186438560485840e-01,-1.619104593992233276e-01
5.781163573265075684e-01,8.084406852722167969e-01,-2.864340543746948242e-01
1.432093530893325806e-01,2.345354110002517700e-01,-1.153729200363159180e+00
-4.671113193035125732e-01,-1.051983237266540527e+00,1.073075413703918457e+00
-9.744465351104736328e-01,6.255976557731628418e-01,-5.951517224311828613e-01
2.079145193099975586e+00,9.049466997385025024e-02,-8.666403293609619141e-01
-2.487578094005584717e-01,9.802393317222595215e-01,-8.590559363365173340e-01
-1.158688664436340332e+00,-1.014844775199890137e+00,3.310514092445373535e-01
-1.532672762870788574e+00,-9.420431852340698242e-01,9.135677665472030640e-02
3.660912811756134033e-01,9.927057027816772461e-01,1.234907269477844238e+00
-1.313700079917907715e+00,-9.875802993774414062e-01,8.585090637207031250e-01
-6.062432006001472473e-02,7.712896466255187988e-01,-6.460967659950256348e-02
9.390914440155029297e-01,2.173916578292846680e+00,4.388988912105560303e-01
2.848763167858123779e-01,-4.106009602546691895e-01,3.866244554519653320e-01
-1.561528086662292480e+00,-8.821428418159484863e-01,-6.436078548431396484e-01
-1.900210604071617126e-02,1.392418265342712402e+00,2.301500320434570312e+00
-1.549517661333084106e-01,1.540004968643188477e+00,6.782748103141784668e-01
2.225896358489990234e+00,-1.913225293159484863e+00,-2.656980752944946289e+00
-2.548668980598449707e-01,8.734620213508605957e-01,4.081589579582214355e-01
8.265840411186218262e-01,1.146780371665954590e+00,9.381948113441467285e-01
-6.665099263191223145e-01,-7.810026407241821289e-01,-2.379020005464553833e-01
-3.312487602233886719e-01,-1.067440629005432129e+00,8.799715042114257812e-01
-1.195769309997558594e+00,-1.838775038719177246e+00,-1.531818360090255737e-01
-4.813712537288665771e-01,3.275347650051116943e-01,4.950748085975646973e-01
-9.573931694030761719e-01,2.518462240695953369e-01,3.263247609138488770e-01
-1.058933138847351074e+00,-3.631107211112976074e-01,-1.335209727287292480e+00
9.639171957969665527e-01,1.860555052757263184e+00,-1.131244301795959473e+00
2.648200094699859619e-01,6.963828206062316895e-01,1.021769046783447266e+00
-1.229665875434875488e-01,1.807894259691238403e-01,-4.243005067110061646e-02
