8.127680420875549316e-01,-9.986066818237304688e-01,-1.467169046401977539e+00
-1.160475015640258789e+00,-6.616008281707763672e-01,-1.109356999397277832e+00
1.726966261863708496e+00,5.673479437828063965e-01,8.093732595443725586e-01
5.226347446441650391e-01,4.770848155021667480e-01,-9.580254554748535156e-01
-8.186080455780029297e-01,1.852429509162902832e+00,-1.527532219886779785e+00
-6.791298985481262207e-01,-1.390660047531127930e+00,2.282389998435974121e-02
-8.797343373298645020e-01,-4.440685510635375977e-01,2.035012543201446533e-01
6.879333257675170898e-01,-9.373184442520141602e-01,-6.407228112220764160e-01
-7.936931848526000977e-01,9.190173745155334473e-01,-6.264715790748596191e-01
1.202235668897628784e-01,1.030970096588134766e+00,6.265275478363037109e-01
4.813551306724548340e-01,7.127760648727416992e-01,8.332555294036865234e-01
3.599154576659202576e-02,-1.003376603126525879e+00,1.521862983703613281e+00
-2.348860055208206177e-01,-6.709346771240234375e-01,3.031995594501495361e-01
-1.267590880393981934e+00,3.843227028846740723e-01,3.550524115562438965e-01
2.066559076309204102e+00,-5.845151543617248535e-01,-1.500884890556335449e+00
9.028726816177368164e-01,1.110902309417724609e+00,-1.766494154930114746e+00
-9.743971824645996094e-01,1.499004483222961426e+00,6.806024909019470215e-02
-8.197075724601745605e-01,1.570365309715270996e+00,-7.941388487815856934e-01
2.397993803024291992e-01,-1.401433199644088745e-01,-6.001212634146213531e-03
8.318279385566711426e-01,-1.490342140197753906e+00,-5.259725451469421387e-01
-7.809424996376037598e-01,-7.564042508602142334e-02,-1.852441787719726562e+00
-5.195935368537902832e-01,1.665486097335815430e+00,-1.872329860925674438e-01
-1.808478385210037231e-01,1.113391399383544922e+00,1.055111169815063477e+00
-4.368395805358886719e-01,1.802487850189208984e+00,1.436244010925292969e+00
-1.419680833816528320e+00,-8.543564677238464355e-01,-2.274203062057495117e+00
-2.008942663669586182e-01,8.509190082550048828e-01,1.647135019302368164e+00
1.042026996612548828e+00,4.718706607818603516e-01,-2.381467580795288086e+00
-1.267769694328308105e+00,-5.546057969331741333e-02,-1.411026954650878906e+00
-5.309498906135559082e-01,-3.496148064732551575e-02,6.583333015441894531e-02
8.425140976905822754e-01,-2.013073414564132690e-01,-4.132714569568634033e-01
-8.277670145034790039e-01,1.278097867965698242e+00,2.561462223529815674e-01
6.437078118324279785e-01,1.412452101707458496e+00,4.269222319126129150e-01
1.266630291938781738e+00,-6.971775889396667480e-01,-5.843247771263122559e-01
-2.142110615968704224e-01,3.216794431209564209e-01,9.449971914291381836e-01
-1.723963499069213867e+00,8.491182923316955566e-01,-2.647786140441894531e+00
1.871308803558349609e+00,9.206476062536239624e-02,8.858047127723693848e-01
-8.586717844009399414e-01,3.151036500930786133e-01,3.480318486690521240e-01
-1.320641040802001953e+00,-1.541582584381103516e+00,-5.314368009567260742e-01
7.364003062248229980e-01,1.251327395439147949e+00,-2.194695323705673218e-01
-1.677773237228393555e+00,-6.089245080947875977e-01,-2.734815359115600586e+00
7.003164291381835938e-02,7.851127386093139648e-01,1.683612465858459473e+00
2.197462081909179688e+00,-4.630553722381591797e-01,1.854114413261413574e+00
5.660248398780822754e-01,1.928588509559631348e+00,-1.770450025796890259e-01
-2.937296330928802490e-01,-4.295026659965515137e-01,3.129011869430541992e+00
1.293130874633789062e+00,-7.377494871616363525e-02,-3.669851720333099365e-01
-2.301011800765991211e+00,3.945674002170562744e-01,-1.689896106719970703e+00
1.311431646347045898e+00,5.707826837897300720e-02,-7.310919165611267090e-01
-1.552718162536621094e+00,-7.816975563764572144e-02,9.749953448772430420e-02
1.670343279838562012e+00,-8.845466375350952148e-02,-2.934955060482025146e-01
7.765214443206787109e-01,1.170634865760803223e+00,-2.353414446115493774e-01
-1.221496343612670898e+00,6.931255459785461426e-01,-1.640093564987182617e+00
2.189156055450439453e+00,3.910213708877563477e-01,-4.042774066329002380e-02
1.397218942642211914e+00,-1.944676935672760010e-01,-9.901828765869140625e-01
-6.825031042098999023e-01,7.190785408020019531e-01,-1.405066847801208496e+00
7.547047138214111328e-01,9.143992513418197632e-02,-3.156965672969818115e-01
-9.671722054481506348e-01,5.126281976699829102e-01,-5.380191802978515625e-01
2.928660809993743896e-01,-9.288595914840698242e-01,-1.430834531784057617e+00
1.094008833169937134e-01,2.552512884140014648e-01,-4.143940284848213196e-02
-1.092207074165344238e+00,1.725071430206298828e+00,-4.407325387001037598e-01
-5.724399089813232422e-01,-1.165346130728721619e-01,-5.216052532196044922e-01
7.321937680244445801e-01,5.868752598762512207e-01,-7.580842375755310059e-01
4.058899283409118652e-01,1.601329207420349121e+00,-2.338587760925292969e+00
7.346205711364746094e-01,-1.932117104530334473e+00,-2.438829660415649414e+00
-8.988926410675048828e-01,4.504044353961944580e-01,-3.234024941921234131e-01
7.683473229408264160e-01,-1.041724205017089844e+00,-9.095557928085327148e-01
-1.895286440849304199e+00,3.053631484508514404e-01,-6.613672971725463867e-01
-1.383305072784423828e+00,1.431411504745483398e+00,-1.442939758300781250e+00
-1.828263998031616211e+00,5.828333273530006409e-02,-1.482819437980651855e+00
-1.316109905019402504e-03,2.572484016418457031e-01,2.513902783393859863e-01
-1.994059324264526367e+00,8.356102108955383301e-01,-1.500982165336608887e+00
-4.121355414390563965e-01,-1.158934593200683594e+00,-6.048568757250905037e-04
-2.401314496994018555e+00,-7.613322138786315918e-01,-7.265669107437133789e-01
-1.686629354953765869e-01,6.503878831863403320e-01,-1.411783218383789062e+00
9.688974022865295410e-01,1.881267309188842773e+00,-1.219798564910888672e+00
1.904543042182922363e-01,-1.143453240394592285e+00,1.793352216482162476e-01
4.204188287258148193e-01,-4.085172712802886963e-01,1.105634689331054688e+00
1.351786613464355469e+00,1.666379332542419434e+00,-8.440068364143371582e-02
9.914323687553405762e-01,1.366146802902221680e-01,8.031352758407592773e-01
2.198685407638549805e+00,-7.432812452316284180e-01,1.224115014076232910e+00
-3.155257105827331543e-01,1.067345142364501953e+00,-1.504266411066055298e-01
1.973028033971786499e-01,1.508157968521118164e+00,2.144449710845947266e+00
-2.297444581985473633e+00,-3.403125107288360596e-01,-2.016490697860717773e+00
6.192828416824340820e-01,2.008733510971069336e+00,-1.000444769859313965e+00
-1.638374567031860352e+00,4.307799935340881348e-01,-1.865934610366821289e+00
2.529328465461730957e-01,1.889665365219116211e+00,6.234093904495239258e-01
-8.499212861061096191e-01,9.283184073865413666e-03,-2.514849007129669189e-01
3.416239619255065918e-01,-2.489650398492813110e-01,9.910658001899719238e-03
6.086122989654541016e-01,-3.904283344745635986e-01,-3.496689498424530029e-01
-6.136090755462646484e-01,1.894250661134719849e-01,-1.143920660018920898e+00
9.310083389282226562e-01,-8.775501251220703125e-01,-1.202915310859680176e+00
8.333021402359008789e-02,-2.835550531744956970e-02,1.350016117095947266e+00
1.369726419448852539e+00,-1.627441048622131348e+00,1.520385265350341797e+00
1.394294261932373047e+00,1.219220042228698730e+00,7.934009432792663574e-01
7.928220182657241821e-02,1.698462069034576416e-01,1.002108454704284668e+00
-6.977494359016418457e-01,-1.250898480415344238e+00,-4.829479455947875977e-01
2.843275547027587891e+00,-5.017884075641632080e-02,1.015806794166564941e+00
1.677623510360717773e+00,5.289272218942642212e-02,5.215032696723937988e-01
5.760888457298278809e-01,4.500055015087127686e-01,-3.269238471984863281e-01
4.577867090702056885e-01,-4.632672667503356934e-01,-1.550442576408386230e-01
-6.883105635643005371e-01,-8.642829060554504395e-01,-8.309876918792724609e-01
5.734283328056335449e-01,-7.226644158363342285e-01,-2.636521458625793457e-01
-1.548392653465270996e+00,-2.288258552551269531e+00,2.037950903177261353e-01
-1.473621606826782227e+00,-1.607880741357803345e-01,-1.516091465950012207e+00
-4.078517854213714600e-01,7.406291961669921875e-01,1.261174440383911133e+00
6.120223402976989746e-01,-1.709664702415466309e+00,3.744662702083587646e-01
1.162670701742172241e-01,1.627287149429321289e+00,-2.263037443161010742e+00
-5.535098910331726074e-01,-4.920925199985504150e-01,1.573556423187255859e+00
8.748164772987365723e-01,-5.939316749572753906e-01,-2.670175135135650635e-01
-1.778216600418090820e+00,5.546157360076904297e-01,-2.653341770172119141e+00
-7.245976477861404419e-02,2.393663525581359863e-01,1.714607030153274536e-01
3.239207863807678223e-01,-1.494843512773513794e-01,6.084738373756408691e-01
5.001676082611083984e-01,-4.900209605693817139e-01,-1.951949894428253174e-01
3.017657101154327393e-01,1.072147130966186523e+00,-4.158874452114105225e-01
-1.863106489181518555e-01,9.007692933082580566e-01,3.329288661479949951e-01
9.045128226280212402e-01,1.639312148094177246e+00,-2.037340849637985229e-01
-5.187734961509704590e-01,-7.458143234252929688e-01,-2.686115205287933350e-01
-1.140278339385986328e+00,-8.024173378944396973e-01,-1.468350768089294434e+00
-9.060862660408020020e-01,3.954454064369201660e-01,2.579621970653533936e-01
1.102802395820617676e+00,1.156989261507987976e-01,-5.991582274436950684e-01
2.257201075553894043e-01,1.062177419662475586e+00,-1.055688023567199707e+00
5.679054260253906250e-01,-5.321330428123474121e-01,-2.475339651107788086e+00
6.736848354339599609e-01,-5.167158842086791992e-01,1.041523814201354980e+00
1.043607115745544434e+00,-9.564483761787414551e-01,-1.960500955581665039e+00
1.255252361297607422e+00,-1.693669319152832031e+00,5.347458124160766602e-01
-1.098559871315956116e-01,-1.004102587699890137e+00,9.976743459701538086e-01
7.171480655670166016e-01,-2.634032368659973145e-01,1.706417322158813477e+00
-3.674539923667907715e-01,1.274706423282623291e-01,6.484769582748413086e-01
-3.494055867195129395e-01,1.412702798843383789e+00,-2.572434663772583008e+00
1.615614652633666992e+00,-1.645794391632080078e+00,-3.046665787696838379e-01
-8.858809471130371094e-01,-5.408950895071029663e-02,-4.807827472686767578e-01
-5.795754194259643555e-01,-2.005884647369384766e+00,-8.370960354804992676e-01
-1.308160305023193359e+00,-1.070036292076110840e-01,-1.520049214363098145e+00
6.835866570472717285e-01,3.055194616317749023e-01,8.282608389854431152e-01
1.328468799591064453e+00,-7.286675572395324707e-01,-5.636812448501586914e-01
-5.191850662231445312e-01,-1.934995532035827637e+00,6.263703852891921997e-02
3.339538276195526123e-01,-1.415033459663391113e+00,-1.178664565086364746e+00
2.212092876434326172e-01,2.281075119972229004e-01,7.288479208946228027e-01
5.487301349639892578e-01,-4.584585130214691162e-01,4.459806978702545166e-01
-7.493729591369628906e-01,8.467231988906860352e-01,8.978065252304077148e-01
-3.466790318489074707e-01,-1.731805086135864258e+00,1.000287890434265137e+00
9.577318280935287476e-02,-1.617047786712646484e-01,-2.421001717448234558e-02
-7.698533535003662109e-01,2.987166941165924072e-01,-6.814242899417877197e-02
1.319698095321655273e-01,-8.542061448097229004e-01,5.064948797225952148e-01
-2.862079441547393799e-01,-7.723378017544746399e-03,1.816251158714294434e+00
-1.197162985801696777e+00,-1.426784396171569824e-01,1.662828564643859863e+00
-2.822842597961425781e-01,-8.561376929283142090e-01,2.555324733257293701e-01
-4.033083915710449219e-01,1.115035891532897949e+00,1.399879336357116699e+00
-6.816706061363220215e-01,8.325682878494262695e-01,-1.086284160614013672e+00
-4.554421305656433105e-01,-9.075152873992919922e-01,3.843861073255538940e-02
8.338978886604309082e-01,-1.135687828063964844e-01,-4.515026882290840149e-02
8.133769631385803223e-01,1.341238498687744141e+00,-5.397522449493408203e-01
4.075261354446411133e-01,1.983073711395263672e+00,-1.310456395149230957e+00
-1.074150323867797852e+00,2.125793218612670898e+00,-2.698714017868041992e+00
1.080250501632690430e+00,6.875631809234619141e-01,1.741474568843841553e-01
-5.381749868392944336e-01,-6.510773897171020508e-01,-9.013930559158325195e-01
1.700015962123870850e-01,-1.078140616416931152e+00,-4.628664255142211914e-01
-8.049699068069458008e-01,2.084176778793334961e+00,2.688165307044982910e-01
-1.822818398475646973e+00,-5.540047883987426758e-01,-1.821212053298950195e+00
-4.411585032939910889e-01,-1.876995563507080078e-01,-5.926876664161682129e-01
-8.763707280158996582e-01,-1.265932083129882812e+00,9.329822659492492676e-01
3.878276944160461426e-01,2.179829925298690796e-01,-8.334863781929016113e-01
6.814639270305633545e-02,2.656706094741821289e+00,-4.447029232978820801e-01
-1.847476243972778320e+00,3.529172241687774658e-01,-6.265277415513992310e-02
1.137197971343994141e+00,9.528901576995849609e-01,1.575208902359008789e+00
1.159840941429138184e+00,3.687058091163635254e-01,-5.619639754295349121e-01
-8.314162492752075195e-01,1.662467718124389648e+00,-2.146284103393554688e+00
8.139556050300598145e-01,-2.259198576211929321e-01,-7.725955247879028320e-01
-1.086189508438110352e+00,-3.880186975002288818e-01,-3.590403497219085693e-01
5.240838974714279175e-02,1.131662726402282715e+00,-9.165459871292114258e-01
5.642420053482055664e-01,1.026070356369018555e+00,1.249440550804138184e+00
-5.166422724723815918e-01,5.925910472869873047e-01,-8.043065071105957031e-01
-4.071479439735412598e-01,-1.282299041748046875e+00,6.846181750297546387e-01
8.122246265411376953e-01,7.886651158332824707e-01,-8.977898955345153809e-01
9.363331794738769531e-01,-1.261076211929321289e+00,-2.507518053054809570e+00
6.914080977439880371e-01,1.512495040893554688e+00,-2.246185779571533203e+00
-2.300544261932373047e+00,-4.995919466018676758e-01,-1.203103542327880859e+00
1.495118439197540283e-01,-2.786729671061038971e-02,-1.458016633987426758e+00
-1.201937317848205566e+00,2.318802475929260254e-01,-1.735955715179443359e+00
3.379741609096527100e-01,-8.993387222290039062e-01,-1.518311738967895508e+00
-6.410757303237915039e-01,8.029363304376602173e-02,-8.043943047523498535e-01
2.269273400306701660e-01,3.389585996046662331e-03,2.086848735809326172e+00
-1.454041957855224609e+00,1.398324012756347656e+00,-1.248077154159545898e+00
1.240844845771789551e+00,7.298940420150756836e-01,-3.805541694164276123e-01
1.409610152244567871e+00,1.150173187255859375e+00,1.338852882385253906e+00
-5.303516983985900879e-01,7.150828242301940918e-01,-2.589226663112640381e-01
7.234903573989868164e-01,-4.288028180599212646e-01,3.002775013446807861e-01
1.389482021331787109e+00,1.798326522111892700e-01,-9.298146367073059082e-01
-1.342857629060745239e-01,-1.517001748085021973e+00,1.418154954910278320e+00
-5.231291055679321289e-01,5.634536147117614746e-01,1.063510537147521973e+00
1.087924987077713013e-01,1.432280898094177246e+00,3.410767614841461182e-01
-1.489867568016052246e-01,1.142194867134094238e+00,9.281837940216064453e-01
-2.401665449142456055e-01,-1.611393809318542480e+00,1.533606886863708496e+00
5.047305822372436523e-01,1.629895567893981934e+00,-1.387658357620239258e+00
-1.005850672721862793e+00,-4.589717984199523926e-01,3.202976584434509277e-01
-1.258617281913757324e+00,-1.044982790946960449e+00,8.434312939643859863e-01
2.242535352706909180e+00,-2.349309176206588745e-01,7.990146279335021973e-01
1.073025107383728027e+00,1.120545268058776855e+00,-2.959430932998657227e+00
6.935400962829589844e-01,-2.839708924293518066e-01,8.324779868125915527e-01
-4.778703749179840088e-01,-4.586504995822906494e-01,3.447134494781494141e-01
-1.371170878410339355e+00,5.364585667848587036e-03,3.857035040855407715e-01
2.584743201732635498e-01,9.070693254470825195e-01,-9.206004142761230469e-01
3.932727277278900146e-01,1.934975534677505493e-01,7.498076558113098145e-01
-1.651052474975585938e+00,-5.256599783897399902e-01,-1.451966285705566406e+00
1.315008759498596191e+00,-2.870320558547973633e+00,-1.333148218691349030e-02
8.051376938819885254e-01,-9.939824938774108887e-01,1.136182069778442383e+00
-4.302809536457061768e-01,2.444205582141876221e-01,-8.224977254867553711e-01
-3.938082456588745117e-01,2.451489716768264771e-01,-2.676710188388824463e-01
-5.544801354408264160e-01,-1.430915296077728271e-01,6.268547773361206055e-01
4.386197626590728760e-01,1.164182543754577637e+00,-9.894889593124389648e-01
-1.433462202548980713e-01,-5.723308920860290527e-01,-2.902506589889526367e-01
-4.383039176464080811e-01,-1.184394836425781250e+00,-7.304142415523529053e-02
2.018929004669189453e+00,-3.208332657814025879e-01,-1.055740594863891602e+00
2.422963082790374756e-01,1.596286147832870483e-01,-2.298908680677413940e-01
1.216802477836608887e+00,2.201623767614364624e-01,-8.036085367202758789e-01
7.228712439537048340e-01,-8.653014898300170898e-01,-1.209236025810241699e+00
-4.571717679500579834e-01,6.734096407890319824e-01,-1.410727143287658691e+00
2.324171781539916992e+00,7.854853272438049316e-01,5.974342226982116699e-01
1.295617818832397461e+00,7.786673307418823242e-01,6.253589391708374023e-01
4.359472990036010742e-01,1.453067302703857422e+00,-4.207064509391784668e-01
-9.771405458450317383e-01,-1.214637637138366699e+00,-4.105558693408966064e-01
-7.625599503517150879e-01,5.300505161285400391e-01,-8.535777926445007324e-01
7.705353498458862305e-01,-4.476866424083709717e-01,-6.599586606025695801e-01
1.278425574302673340e+00,-4.897286593914031982e-01,-3.239642858505249023e+00
1.562059402465820312e+00,8.086221218109130859e-01,-1.525445699691772461e+00
-2.212929010391235352e+00,1.077116608619689941e+00,6.893509030342102051e-01
3.185617923736572266e-01,-8.171516060829162598e-01,1.181214094161987305e+00
-8.369737863540649414e-01,2.961226403713226318e-01,1.422614812850952148e+00
7.797219753265380859e-01,-6.304178833961486816e-01,1.850064247846603394e-01
-1.125712037086486816e+00,1.826425909996032715e+00,-1.644983291625976562e+00
1.006736159324645996e+00,-1.020486593246459961e+00,6.629573702812194824e-01
-1.260295867919921875e+00,-1.423077940940856934e+00,-1.146772742271423340e+00
-3.351645171642303467e-01,3.603818118572235107e-01,-6.792668253183364868e-02
7.031190395355224609e-01,-1.399704694747924805e+00,3.403577804565429688e-01
-9.009174108505249023e-01,8.419312238693237305e-01,-1.103419184684753418e+00
-7.476624250411987305e-01,-4.265489876270294189e-01,-5.014337897300720215e-01
4.557336568832397461e-01,1.067548274993896484e+00,-5.279863476753234863e-01
-1.937340050935745239e-01,5.608708262443542480e-01,-4.174171984195709229e-01
1.062474846839904785e+00,-9.827874302864074707e-01,-5.171754360198974609e-01
6.846785545349121094e-01,2.584395110607147217e-01,2.342756278812885284e-02
1.623246371746063232e-01,-1.184979438781738281e+00,-1.061280608177185059e+00
-9.496102109551429749e-03,-2.846481800079345703e-01,-3.724937438964843750e-01
2.582889497280120850e-01,-1.297460943460464478e-01,8.926191329956054688e-01
1.316978216171264648e+00,-9.378197789192199707e-01,-2.598704397678375244e-01
-2.140882492065429688e+00,-2.420631051063537598e-01,-1.256121635437011719e+00
4.168995916843414307e-01,-4.814732670783996582e-01,1.176498413085937500e+00
6.120520234107971191e-01,-2.412827610969543457e-01,-5.264623761177062988e-01
-5.748234987258911133e-01,6.383100748062133789e-01,-1.553705334663391113e+00
4.862179234623908997e-02,4.705720245838165283e-01,1.683895438909530640e-01
3.277240097522735596e-01,8.280863165855407715e-01,1.351381182670593262e+00
-8.564013242721557617e-01,-3.900570571422576904e-01,7.340954244136810303e-02
-8.259213566780090332e-01,1.077800318598747253e-01,1.156634449958801270e+00
-9.772670865058898926e-01,4.569792151451110840e-01,1.587125062942504883e-01
-1.476848423480987549e-01,1.797208189964294434e+00,1.514291286468505859e+00
-9.804858565330505371e-01,-1.834352493286132812e+00,-1.986127018928527832e+00
-3.068824410438537598e-01,1.194190382957458496e+00,9.995507001876831055e-01
1.410369038581848145e+00,-2.099760472774505615e-01,-4.930338263511657715e-01
1.445603132247924805e+00,1.757271170616149902e+00,8.924268484115600586e-01
-1.180534601211547852e+00,-1.801620364189147949e+00,-1.942577123641967773e+00
-1.112056016921997070e+00,1.308504223823547363e+00,-4.672826826572418213e-02
3.203961551189422607e-01,-3.415282368659973145e-01,-7.490178197622299194e-02
-8.283370733261108398e-01,3.088024854660034180e-01,-2.146412581205368042e-01
1.447510838508605957e+00,5.887248087674379349e-03,-1.400490641593933105e+00
8.396778702735900879e-01,-1.714234113693237305e+00,-8.434826135635375977e-01
-6.438597291707992554e-02,5.729123950004577637e-01,-3.747337460517883301e-01
2.613551020622253418e-01,3.343972861766815186e-01,-1.375932432711124420e-02
8.452334403991699219e-01,1.388527512550354004e+00,-8.931714296340942383e-01
-4.839991033077239990e-01,-9.253419041633605957e-01,7.052014470100402832e-01
-1.776412844657897949e+00,2.946223020553588867e-01,-2.621366739273071289e+00
-1.495128750801086426e+00,5.286237001419067383e-01,-1.782635748386383057e-01
-1.897094368934631348e+00,-1.406520962715148926e+00,-1.075855970382690430e+00
8.550390005111694336e-01,5.524442195892333984e-01,-1.670490622520446777e+00
2.295155286788940430e+00,-9.947492480278015137e-01,2.112375259399414062e+00
8.110693693161010742e-01,-1.057675957679748535e+00,-4.202680662274360657e-02
-2.407114267349243164e+00,1.842404901981353760e-01,-1.122641921043395996e+00
1.266584038734436035e+00,1.839263588190078735e-01,-1.028164029121398926e+00
-1.910391569137573242e+00,8.065631240606307983e-02,-2.783369779586791992e+00
-1.694627761840820312e+00,-1.955668032169342041e-01,-7.768381834030151367e-01
1.177168488502502441e+00,-8.402995467185974121e-01,1.616395115852355957e+00
-5.930983424186706543e-01,1.991288177669048309e-02,3.122513182461261749e-02
3.458667695522308350e-01,-8.146424889564514160e-01,2.273183584213256836e+00
7.362369298934936523e-01,1.016061663627624512e+00,-6.298930197954177856e-02
1.713683724403381348e+00,-5.591048672795295715e-02,-1.745420575141906738e+00
1.801783740520477295e-01,-9.719663858413696289e-01,9.868744760751724243e-02
-5.056009292602539062e-01,-2.773849070072174072e-01,1.843780994415283203e+00
2.722300887107849121e-01,-2.722597718238830566e-01,9.128152132034301758e-01
5.343751907348632812e-01,4.433395862579345703e-01,3.896233392879366875e-03
-7.439323067665100098e-01,-3.131178319454193115e-01,-1.134303212165832520e+00
1.297734677791595459e-01,-1.682132601737976074e+00,5.951807498931884766e-01
-4.274266064167022705e-01,-1.162002831697463989e-01,2.582827508449554443e-01
2.282848395407199860e-02,-1.921357810497283936e-01,-1.575921058654785156e+00
-1.585713028907775879e+00,-1.553447365760803223e+00,1.872653886675834656e-02
7.558755874633789062e-01,-1.105518102645874023e+00,5.667933728545904160e-03
7.821950316429138184e-02,1.111428976058959961e+00,3.342750072479248047e-01
2.138046979904174805e+00,1.509725332260131836e+00,7.541137188673019409e-02
-1.561729907989501953e+00,1.117928773164749146e-01,-5.761441588401794434e-01
1.272695213556289673e-01,-4.045727849006652832e-01,-1.243756175041198730e+00
-9.463245868682861328e-01,-1.883547902107238770e-01,4.420813918113708496e-01
-3.135582208633422852e-01,3.273733258247375488e-01,-1.366526782512664795e-01
1.959428668022155762e+00,1.852869242429733276e-01,2.100450992584228516e+00
-1.393451094627380371e+00,9.971000254154205322e-02,-7.845979332923889160e-01
-6.118723154067993164e-01,4.911949634552001953e-01,7.302898168563842773e-02
-9.732241742312908173e-03,-2.101499319076538086e+00,1.178635716438293457e+00
-9.483171701431274414e-01,-2.229450792074203491e-01,4.946183562278747559e-01
-1.647109687328338623e-01,1.283973097801208496e+00,2.290332078933715820e+00
-9.698220491409301758e-01,-1.154549494385719299e-01,-1.704908490180969238e+00
-1.136392712593078613e+00,9.920753240585327148e-01,-2.048675864934921265e-01
-9.217647910118103027e-01,1.502373814582824707e-02,-8.153854012489318848e-01
-9.156225919723510742e-01,-4.503611922264099121e-01,-4.864427447319030762e-01
-1.118754267692565918e+00,-8.526724763214588165e-03,1.332705020904541016e-01
2.926340699195861816e-01,-7.905670404434204102e-01,-3.725095465779304504e-02
1.200074791908264160e+00,8.508209586143493652e-01,-3.868850469589233398e-01
1.159746766090393066e+00,1.920356452465057373e-01,1.584875464439392090e+00
1.381995677947998047e+00,7.014461159706115723e-01,-3.089022934436798096e-01
1.833009868860244751e-01,-2.329141616821289062e+00,1.397175908088684082e+00
-7.222818583250045776e-02,-2.212892055511474609e+00,-9.911939501762390137e-01
-1.298234105110168457e+00,5.016176104545593262e-01,-8.077443242073059082e-01
2.871097624301910400e-02,-6.884849071502685547e-01,-6.211639046669006348e-01
-5.881730914115905762e-01,-3.203677833080291748e-01,-1.407525897026062012e+00
6.780184805393218994e-02,-3.971288204193115234e-01,9.094576835632324219e-01
-8.398975133895874023e-01,1.476391404867172241e-01,1.316770315170288086e-01
3.328716158866882324e-01,-2.444344282150268555e+00,-9.738991968333721161e-03
3.359003067016601562e-01,2.140020132064819336e-01,-4.412235319614410400e-01
1.261878460645675659e-01,-1.578772544860839844e+00,6.375970840454101562e-01
-1.320161104202270508e+00,-1.474831938743591309e+00,-5.300466418266296387e-01
4.156280159950256348e-01,-1.292612910270690918e+00,2.845057845115661621e-01
-5.884398818016052246e-01,-1.265100836753845215e-01,2.818534135818481445e+00
-1.690109968185424805e-01,4.888022318482398987e-02,-3.305162489414215088e-01
3.638488352298736572e-01,2.418670058250427246e-01,-4.164482355117797852e-01
-6.447045207023620605e-01,1.874583482742309570e+00,-4.098367094993591309e-01
-3.553963601589202881e-01,7.779898047447204590e-01,1.293669223785400391e+00
3.295906484127044678e-01,7.800916433334350586e-01,-5.344835296273231506e-02
7.678474783897399902e-01,5.784462094306945801e-01,-2.186407327651977539e+00
6.724945306777954102e-01,-5.012066960334777832e-01,2.707989513874053955e-01
4.548180103302001953e-01,-1.559054374694824219e+00,-1.077598571777343750e+00
1.618947863578796387e+00,-1.292164087295532227e+00,9.468553662300109863e-01
6.793127655982971191e-01,-1.107315778732299805e+00,3.759414255619049072e-01
3.218322694301605225e-01,-2.205131649971008301e-01,-2.371871471405029297e+00
1.599878787994384766e+00,-7.245033979415893555e-02,1.217603802680969238e+00
-8.263050913810729980e-01,-8.415085673332214355e-01,4.095744490623474121e-01
-3.478207588195800781e-01,-2.627432986628264189e-04,5.296312570571899414e-01
-5.032314062118530273e-01,-7.187403440475463867e-01,-1.907588392496109009e-01
-6.056510210037231445e-01,-2.132977008819580078e+00,5.412886664271354675e-02
9.789238572120666504e-01,8.981844782829284668e-01,2.802193164825439453e-01
1.237000942230224609e+00,-3.017486929893493652e-01,2.349567413330078125e+00
1.651182323694229126e-01,-2.398927211761474609e+00,-1.014554426074028015e-01
-1.264436721801757812e+00,-1.161291837692260742e+00,-2.566228866577148438e+00
-4.130298197269439697e-01,-1.091730833053588867e+00,-8.956516385078430176e-01
-1.607869625091552734e+00,-1.837045192718505859e+00,-3.096229314804077148e+00
7.098546028137207031e-01,1.924583017826080322e-01,-1.030412077903747559e+00
3.368070721626281738e-01,-4.737449288368225098e-01,-1.733882188796997070e+00
-2.284633815288543701e-01,-6.890500783920288086e-01,-1.686814427375793457e+00
4.469231665134429932e-01,-9.430042505264282227e-01,-8.236352801322937012e-01
3.787058889865875244e-01,-1.038087457418441772e-01,1.469449996948242188e-01
-2.030894905328750610e-01,9.816249012947082520e-01,-1.223736330866813660e-01
1.672532707452774048e-01,-2.264277458190917969e+00,-2.648077964782714844e+00
3.099559545516967773e-01,7.123354077339172363e-02,2.750567197799682617e-01
-1.864705532789230347e-01,7.425122261047363281e-01,-1.193089008331298828e+00
-7.289055585861206055e-01,-6.978549957275390625e-01,1.310622334480285645e+00
2.862097501754760742e+00,-1.645204782485961914e+00,8.990564942359924316e-01
5.293895602226257324e-01,-2.142387628555297852e-01,1.025262236595153809e+00
-8.635171651840209961e-01,-4.932888448238372803e-01,6.942289471626281738e-01
-2.669274508953094482e-01,-1.243533045053482056e-01,3.081906318664550781e+00
-1.666944473981857300e-01,-6.673280000686645508e-01,-4.561231657862663269e-02
9.048085808753967285e-01,-1.053184747695922852e+00,3.096640706062316895e-01
-1.103462815284729004e+00,-2.076805680990219116e-01,-4.413706362247467041e-01
7.899919748306274414e-01,1.685387492179870605e+00,-1.481897592544555664e+00
6.912013888359069824e-01,3.885875046253204346e-01,-2.251107841730117798e-01
1.810747146606445312e+00,2.610012888908386230e-01,2.252880573272705078e+00
6.194870471954345703e-01,-1.125725656747817993e-01,1.887665241956710815e-01
-4.530509412288665771e-01,-4.384951889514923096e-01,2.192312240600585938e+00
2.176939487457275391e+00,1.314842224121093750e+00,1.903541922569274902e+00
1.819777041673660278e-01,-1.492691487073898315e-01,-1.006258130073547363e+00
1.250315606594085693e-01,-5.773690342903137207e-01,-6.554934382438659668e-02
1.095664143562316895e+00,-1.297416329383850098e+00,-1.586994409561157227e+00
1.288936972618103027e+00,-8.520650267601013184e-01,-1.515066981315612793e+00
-4.766138792037963867e-01,4.501665234565734863e-01,-6.152435541152954102e-01
1.572611182928085327e-01,-1.303097367286682129e+00,1.252807140350341797e+00
1.225874781608581543e+00,-1.536099314689636230e+00,1.526765942573547363e+00
2.316407114267349243e-01,6.116129755973815918e-01,-2.723966240882873535e-01
1.358819156885147095e-01,-6.347019672393798828e-01,1.203743577003479004e+00
-1.544654488563537598e+00,3.236949443817138672e-01,-1.341290473937988281e-01
2.345945499837398529e-02,6.342197209596633911e-02,2.503504157066345215e-01
-1.013039231300354004e+00,-1.005961775779724121e+00,-1.027108430862426758e+00
-2.306282371282577515e-01,-1.100470781326293945e+00,6.480134129524230957e-01
1.103461384773254395e+00,-1.840899348258972168e+00,-1.287466734647750854e-01
2.351417243480682373e-01,1.044780731201171875e+00,8.404570221900939941e-01
1.025346875190734863e+00,-3.775163292884826660e-01,-1.114756941795349121e+00
-5.276422500610351562e-01,-6.086477637290954590e-01,4.461677372455596924e-01
1.687140315771102905e-01,-1.912655234336853027e-01,7.703640460968017578e-01
-7.384763360023498535e-01,1.563540458679199219e+00,-1.567671298980712891e-01
-5.215342640876770020e-01,-3.267090618610382080e-01,3.987835645675659180e-01
-5.988693833351135254e-01,1.472315549850463867e+00,-3.626967668533325195e-01
-9.300147891044616699e-01,-7.199850678443908691e-01,-1.170164465904235840e+00
2.734775304794311523e+00,-7.360284030437469482e-02,1.534498333930969238e+00
-7.327727079391479492e-01,-1.110643386840820312e+00,1.910202354192733765e-01
7.124429345130920410e-01,5.441310256719589233e-02,-3.678310811519622803e-01
1.019458889961242676e+00,-1.386795639991760254e-01,8.014865517616271973e-01
2.326205492019653320e+00,2.903853654861450195e-01,1.123973131179809570e+00
-2.411304265260696411e-01,1.171555876731872559e+00,-5.035842657089233398e-01
1.233685910701751709e-01,1.337947249412536621e+00,-5.653105378150939941e-01
-4.543831571936607361e-02,1.704172730445861816e+00,1.264403164386749268e-01
-1.381465315818786621e+00,-1.448129955679178238e-02,4.081682860851287842e-02
-4.885651767253875732e-01,-5.064277648925781250e-01,2.630361020565032959e-01
-1.149774074554443359e+00,2.369527518749237061e-01,-6.944453120231628418e-01
-2.135894894599914551e-01,3.700440526008605957e-01,2.932208538055419922e+00
1.778037101030349731e-01,-1.490750789642333984e+00,1.147166728973388672e+00
1.569646894931793213e-01,-6.773557662963867188e-01,3.217607438564300537e-01
-1.181687712669372559e+00,6.623443961143493652e-01,-1.135023713111877441e+00
1.089242577552795410e+00,9.992833733558654785e-01,-2.386494398117065430e+00
1.310986399650573730e+00,-7.765866518020629883e-01,1.192598819732666016e+00
-4.637537598609924316e-01,1.549909949302673340e+00,4.190671443939208984e-01
-6.825067400932312012e-01,3.666663467884063721e-01,1.436823129653930664e+00
3.700100183486938477e-01,3.361824750900268555e-01,2.001696825027465820e-01
-2.532906830310821533e-01,9.640658497810363770e-01,1.625114202499389648e+00
-4.652584195137023926e-01,3.668959736824035645e-01,-1.129973649978637695e+00
1.240292668342590332e+00,5.324075222015380859e-01,-6.069387197494506836e-01
-3.094129078090190887e-02,2.307043820619583130e-01,6.894209980964660645e-01
-1.217017650604248047e+00,3.635621070861816406e-02,-5.004315450787544250e-02
9.503577947616577148e-01,3.906427323818206787e-01,4.230549037456512451e-01
-1.584633231163024902e+00,-5.686665177345275879e-01,-1.363171219825744629e+00
-1.139837145805358887e+00,1.970866560935974121e+00,5.372151732444763184e-01
-5.699116587638854980e-01,-5.442273020744323730e-01,-3.710691351443529129e-03
6.740818023681640625e-01,8.740950822830200195e-01,1.535205125808715820e+00
1.042308211326599121e+00,1.681809067726135254e+00,-8.319015055894851685e-02
2.891952097415924072e-01,1.075109243392944336e-01,-2.014532804489135742e+00
8.782289028167724609e-01,3.276239037513732910e-01,-9.240396618843078613e-01
5.504089593887329102e-01,-1.860873699188232422e+00,4.885806441307067871e-01
1.985539197921752930e-01,-1.222772002220153809e+00,-3.902694284915924072e-01
1.806957721710205078e+00,2.750601470470428467e-01,2.979117035865783691e-01
-5.163649469614028931e-02,-5.251187682151794434e-01,1.412297010421752930e+00
-7.579585909843444824e-01,-2.007255554199218750e+00,-8.580607920885086060e-02
-2.295205146074295044e-01,6.755083203315734863e-01,2.453378915786743164e+00
4.964692592620849609e-01,1.773114442825317383e+00,2.041568994522094727e+00
2.328676879405975342e-01,-6.608918905258178711e-01,-3.130089044570922852e-01
-1.493303030729293823e-01,8.822245001792907715e-01,5.986565351486206055e-01
1.235872134566307068e-02,1.173379659652709961e+00,2.643700361251831055e+00
-1.085349202156066895e+00,-5.496693849563598633e-01,5.291309580206871033e-02
-5.991319417953491211e-01,-6.160669922828674316e-01,2.257478982210159302e-01
5.853291153907775879e-01,-9.730912744998931885e-02,6.002758145332336426e-01
1.617146015167236328e+00,7.882096171379089355e-01,3.113212287425994873e-01
-5.648002028465270996e-01,1.109287500381469727e+00,-2.596488296985626221e-01
1.970503211021423340e+00,8.632159233093261719e-01,-1.430041790008544922e-01
-2.192195653915405273e-01,-6.090297698974609375e-01,-2.836863696575164795e-01
7.008927315473556519e-02,3.257519304752349854e-01,-1.237308740615844727e+00
6.945052742958068848e-01,4.680233541876077652e-03,7.015572190284729004e-01
-8.058424592018127441e-01,4.800381660461425781e-01,3.829525411128997803e-01
1.196171045303344727e-01,-1.974491178989410400e-01,5.591658949851989746e-01
1.404788017272949219e+00,9.658402204513549805e-02,1.288744449615478516e+00
-1.150210618972778320e+00,-7.159567475318908691e-01,-1.440268874168395996e+00
9.994367957115173340e-01,4.509417116641998291e-01,6.457028985023498535e-01
-5.083289146423339844e-01,-4.105829894542694092e-01,4.645397514104843140e-02
2.956904768943786621e-01,-5.321850180625915527e-01,1.909558892250061035e+00
-6.340806484222412109e-01,-8.288709521293640137e-01,-6.286962628364562988e-01
3.357463777065277100e-01,-5.680999755859375000e-01,1.049573659896850586e+00
4.456712901592254639e-01,-2.563758134841918945e+00,2.406323105096817017e-01
-2.690675556659698486e-01,1.505813121795654297e+00,2.460582017898559570e+00
-1.895095586776733398e+00,2.854595482349395752e-01,8.010233044624328613e-01
1.998178958892822266e+00,-3.155392706394195557e-01,-2.154489755630493164e+00
1.830106228590011597e-01,4.792004525661468506e-01,-1.853350922465324402e-02
-1.587593317031860352e+00,-3.208321034908294678e-01,-4.143490493297576904e-01
1.072982251644134521e-01,-1.682216882705688477e+00,-1.398786157369613647e-01
7.278091460466384888e-02,-8.110502958297729492e-01,9.574586153030395508e-02
5.661826133728027344e-01,-1.898877918720245361e-01,-5.109959244728088379e-01
-1.251438856124877930e+00,3.050464391708374023e-01,-1.249431848526000977e+00
4.072266444563865662e-02,6.407599449157714844e-01,7.181530594825744629e-01
-4.194471538066864014e-01,1.512452960014343262e+00,-5.001278594136238098e-02
4.005549848079681396e-01,1.567449569702148438e+00,-1.017585635185241699e+00
1.107998251914978027e+00,-4.552280306816101074e-01,-1.602994441986083984e+00
8.640304803848266602e-01,2.113698244094848633e+00,2.100563645362854004e-01
-5.571007132530212402e-01,-7.734645605087280273e-01,8.525747060775756836e-01
-8.115570545196533203e-01,5.476420521736145020e-01,5.579333305358886719e-01
-3.848805129528045654e-01,1.487274885177612305e+00,5.116999149322509766e-01
3.459471762180328369e-01,8.640465140342712402e-01,-3.913187682628631592e-01
-8.692823052406311035e-01,3.922398388385772705e-01,2.678214609622955322e-01
1.343338966369628906e+00,2.901174128055572510e-01,1.275264620780944824e+00
2.616531610488891602e+00,1.213660836219787598e+00,1.183044552803039551e+00
-9.171741008758544922e-01,1.666947126388549805e+00,-1.161429762840270996e+00
-2.096283584833145142e-01,8.447136729955673218e-02,-1.134786486625671387e+00
2.002829909324645996e-01,-2.478497773408889771e-01,-1.330810487270355225e-01
3.748822808265686035e-01,-8.235153555870056152e-02,9.627593159675598145e-01
-1.055881500244140625e+00,9.659651517868041992e-01,-1.002712130546569824e+00
1.672250747680664062e+00,-1.617111086845397949e+00,2.945160865783691406e-01
-1.217057704925537109e+00,-1.804231882095336914e+00,-7.391415238380432129e-01
-1.234284996986389160e+00,9.175431132316589355e-01,-1.749979019165039062e+00
-9.151775836944580078e-01,-1.295262336730957031e+00,-8.522831797599792480e-01
1.501286149024963379e+00,1.569513440132141113e+00,1.702933013439178467e-01
-1.489202380180358887e+00,-2.148807197809219360e-01,-2.389008760452270508e+00
-4.468102753162384033e-01,1.068304106593132019e-01,2.247983962297439575e-01
1.228011548519134521e-01,1.388522684574127197e-01,-2.289036273956298828e+00
-1.322069168090820312e+00,4.216188788414001465e-01,4.809280633926391602e-01
2.817822387441992760e-04,-1.157241940498352051e+00,-1.468595504760742188e+00
-1.607011556625366211e+00,3.386214971542358398e-01,-1.038032412528991699e+00
9.460889101028442383e-01,-4.046608507633209229e-01,-6.594455242156982422e-01
-7.898902148008346558e-02,-1.103848099708557129e+00,1.147147536277770996e+00
-7.988940477371215820e-01,-1.223794698715209961e+00,-3.743912577629089355e-01
6.133190542459487915e-02,7.078670263290405273e-01,7.130018472671508789e-01
6.293019056320190430e-01,9.890018105506896973e-01,1.683606505393981934e-01
9.998272657394409180e-01,-9.135227203369140625e-01,-2.216271013021469116e-01
1.231139540672302246e+00,1.559708952903747559e+00,-4.345725178718566895e-01
1.529565572738647461e+00,1.366506934165954590e+00,-4.853607416152954102e-01
-9.908424615859985352e-01,-5.406762287020683289e-02,-2.468383461236953735e-01
-1.668978184461593628e-01,1.015122011303901672e-01,-1.155056059360504150e-01
9.422823786735534668e-01,4.372056424617767334e-01,-1.203425526618957520e+00
1.336951851844787598e+00,-1.973532557487487793e+00,-8.650576472282409668e-01
9.140887856483459473e-01,-5.725488066673278809e-01,-1.663521081209182739e-01
7.521493434906005859e-01,-2.724438607692718506e-01,-1.390968799591064453e+00
6.291935443878173828e-01,-1.302465915679931641e+00,1.151454597711563110e-01
-4.823067784309387207e-01,7.329488992691040039e-01,-1.007030487060546875e+00
6.078684926033020020e-01,1.800981521606445312e+00,1.394585967063903809e+00
2.168165296316146851e-01,-8.249291777610778809e-01,1.477140903472900391e+00
-5.287886857986450195e-01,-1.420720696449279785e+00,-7.314830422401428223e-01
-9.404368400573730469e-01,4.979157149791717529e-01,4.943809509277343750e-01
1.480722904205322266e+00,-5.925332903861999512e-01,6.360443234443664551e-01
8.786673545837402344e-01,4.568930566310882568e-01,-1.066421151161193848e+00
1.585858941078186035e+00,3.805747926235198975e-01,-1.425525069236755371e+00
-4.991711974143981934e-01,1.648924708366394043e+00,5.780683159828186035e-01
4.838102161884307861e-01,4.800859987735748291e-01,-7.218110561370849609e-01
-7.950100302696228027e-01,1.117329001426696777e+00,-2.206094503402709961e+00
3.428699374198913574e-01,2.347744405269622803e-01,-4.451004862785339355e-01
-6.743218898773193359e-01,-1.751013547182083130e-01,-9.761121273040771484e-01
4.936590790748596191e-01,3.954539597034454346e-01,7.181422710418701172e-01
6.004517674446105957e-01,-3.062396049499511719e-01,-1.107530668377876282e-01
2.684839367866516113e-01,3.430787026882171631e-01,1.603557944297790527e+00
3.162274360656738281e-01,8.215469121932983398e-01,-7.686464190483093262e-01
-6.066651940345764160e-01,6.265304684638977051e-01,2.129945605993270874e-01
1.346417069435119629e-01,-1.223855614662170410e+00,7.597418874502182007e-02
1.284646868705749512e+00,-8.109458088874816895e-01,9.703266620635986328e-02
1.808461308479309082e+00,4.654069840908050537e-01,6.358343362808227539e-01
-8.819096088409423828e-01,-2.307263851165771484e+00,-3.120221197605133057e-01
1.553934931755065918e+00,2.112427353858947754e-01,1.359693765640258789e+00
-6.617493033409118652e-01,1.433601260185241699e+00,5.465805530548095703e-01
2.151876211166381836e+00,-1.006908535957336426e+00,3.372749984264373779e-01
-1.859756469726562500e+00,1.991626739501953125e+00,-2.010939598083496094e+00
1.829483389854431152e+00,3.932832181453704834e-01,5.663888454437255859e-01
1.296635508537292480e+00,1.740247488021850586e+00,3.501028120517730713e-01
5.201419591903686523e-01,-7.104206681251525879e-01,-1.834526181221008301e+00
6.904202699661254883e-02,-4.720765054225921631e-01,9.487931728363037109e-01
-1.722140051424503326e-02,-3.524379134178161621e-01,1.357396394014358521e-01
-2.693780064582824707e-01,1.546642422676086426e+00,-8.758214116096496582e-02
7.899162173271179199e-01,2.425234764814376831e-01,1.606165885925292969e+00
7.620870471000671387e-01,-4.007319509983062744e-01,-8.898697495460510254e-01
-6.998019814491271973e-01,-1.306322216987609863e+00,-7.339680790901184082e-01
-1.464874297380447388e-01,-6.172594428062438965e-01,1.617708444595336914e+00
7.875307202339172363e-01,-1.133746981620788574e+00,-1.003774881362915039e+00
-6.930998563766479492e-01,-2.752404510974884033e-01,5.157939791679382324e-01
1.208897709846496582e+00,-2.070870995521545410e-01,-5.897216200828552246e-01
-9.375189542770385742e-01,-6.194334030151367188e-01,6.397308111190795898e-01
8.954034447669982910e-01,6.607518792152404785e-01,-2.211620807647705078e+00
-2.173023670911788940e-01,9.563794136047363281e-01,1.257500052452087402e+00
1.899470239877700806e-01,3.130995333194732666e-01,-2.934339940547943115e-01
-8.925050497055053711e-01,-3.843349218368530273e-01,3.479847669601440430e+00
-2.292437106370925903e-01,2.518247067928314209e-01,1.256625771522521973e+00
-1.276317387819290161e-01,-1.072106599807739258e+00,1.245248556137084961e+00
-1.470156013965606689e-01,-7.531179189682006836e-01,-1.625376492738723755e-01
-1.305052757263183594e+00,1.417895913124084473e+00,-8.300178647041320801e-01
-1.201640129089355469e+00,-9.162837266921997070e-01,-1.245589256286621094e+00
1.904475450515747070e+00,3.702518045902252197e-01,2.749536633491516113e-01
7.721272855997085571e-02,-1.299088835716247559e+00,-2.034588575363159180e+00
5.575774908065795898e-01,-7.969278097152709961e-01,2.949336767196655273e-01
-1.107782125473022461e+00,1.362727046012878418e+00,-1.742918014526367188e+00
2.755335271358489990e-01,-1.047856092453002930e+00,-1.545319110155105591e-01
9.375823736190795898e-01,-1.067913293838500977e+00,6.485885977745056152e-01
2.024268388748168945e+00,-8.595814704895019531e-01,5.872380137443542480e-01
1.315285682678222656e+00,4.732006490230560303e-01,-3.250297009944915771e-01
-6.073745489120483398e-01,-1.618657708168029785e+00,3.550942242145538330e-02
-2.124193608760833740e-01,-1.062647551298141479e-01,3.176828622817993164e-01
3.241722583770751953e-01,6.562521457672119141e-01,-1.171283960342407227e+00
4.795946776866912842e-01,8.572643995285034180e-01,5.187203884124755859e-01
-1.156463697552680969e-01,-5.476936697959899902e-01,8.778319954872131348e-01
-2.591764688491821289e+00,9.040098190307617188e-01,-1.505571126937866211e+00
2.456140518188476562e-01,4.296438097953796387e-01,-4.025775790214538574e-01
1.292106628417968750e+00,-6.371639370918273926e-01,7.611579895019531250e-01
-3.702155351638793945e-01,6.630103588104248047e-01,-1.836379647254943848e+00
5.563852787017822266e-01,-6.613541245460510254e-01,8.274423331022262573e-02
-1.627770960330963135e-01,6.028422340750694275e-02,2.688234567642211914e+00
5.307437181472778320e-01,-5.603752136230468750e-01,-8.286694288253784180e-01
-1.119013667106628418e+00,9.345223903656005859e-01,-9.665601253509521484e-01
-3.616113066673278809e-01,-1.528310418128967285e+00,6.828008294105529785e-01
-7.536712288856506348e-01,1.199755668640136719e+00,-8.430485725402832031e-01
1.451184391975402832e+00,5.435063838958740234e-01,6.722330451011657715e-01
7.435019612312316895e-01,7.092387080192565918e-01,-8.229326456785202026e-02
1.761305481195449829e-01,-2.074190616607666016e+00,-9.311311244964599609e-01
-6.289157867431640625e-01,1.450270771980285645e+00,-8.173284530639648438e-01
-9.470271468162536621e-01,-1.610634922981262207e+00,8.762567043304443359e-01
2.772006094455718994e-01,-1.017883777618408203e+00,-1.115806460380554199e+00
2.533000409603118896e-01,8.174381852149963379e-01,2.917327582836151123e-01
-1.028087139129638672e+00,-9.559572339057922363e-01,-1.634189963340759277e+00
1.505327820777893066e+00,-1.350223779678344727e+00,3.396261036396026611e-01
-2.354643642902374268e-01,-1.657126426696777344e+00,-9.613969326019287109e-01
-4.461510181427001953e-01,1.988792061805725098e+00,1.034559249877929688e+00
-1.615788698196411133e+00,-1.441470384597778320e+00,-4.804806411266326904e-01
-8.245241045951843262e-01,-1.024401307106018066e+00,-7.014507055282592773e-01
8.133323788642883301e-01,-2.134773582220077515e-01,-3.011577129364013672e-01
-9.611780643463134766e-01,-2.730795741081237793e-01,-6.854988336563110352e-01
5.141570568084716797e-01,2.300434112548828125e+00,2.672889828681945801e-01
-5.435945391654968262e-01,7.529260516166687012e-01,-5.915733799338340759e-02
-4.990529417991638184e-01,6.023728251457214355e-01,8.367409706115722656e-01
1.003653779625892639e-01,-1.074214220046997070e+00,2.472485542297363281e+00
-1.387864947319030762e-01,8.825939297676086426e-01,1.822330653667449951e-01
-9.608859568834304810e-02,7.855073213577270508e-01,1.260379672050476074e+00
1.336943507194519043e+00,-9.404625892639160156e-01,4.816052615642547607e-01
-1.408779978752136230e+00,4.943223595619201660e-01,-6.561467647552490234e-01
9.336822628974914551e-01,4.566083550453186035e-01,-1.042782545089721680e+00
-8.020644634962081909e-02,-3.046775817871093750e+00,-6.003805249929428101e-02
-7.964783310890197754e-01,-6.297709345817565918e-01,8.715776205062866211e-01
-2.937541902065277100e-01,9.309328794479370117e-01,2.064197212457656860e-01
2.005753815174102783e-01,7.338042855262756348e-01,8.787890076637268066e-01
1.034170508384704590e+00,3.322148919105529785e-01,-2.532706975936889648e+00
2.795201539993286133e-01,-3.839631676673889160e-01,-9.316002130508422852e-01
9.352624416351318359e-01,1.887535452842712402e+00,-5.520972013473510742e-01
3.468077182769775391e-01,2.804427146911621094e+00,1.003192782402038574e+00
1.201356649398803711e+00,6.648888587951660156e-01,-1.541006088256835938e+00
1.620166897773742676e+00,-9.791629314422607422e-01,-3.371616005897521973e-01
9.055241346359252930e-01,2.680737972259521484e-01,2.514040768146514893e-01
1.236793279647827148e+00,-1.479829400777816772e-01,-1.830059289932250977e+00
3.459224700927734375e-01,6.310285329818725586e-01,-5.961304903030395508e-01
1.768023967742919922e+00,-4.701781868934631348e-01,8.222054839134216309e-01
2.903484404087066650e-01,1.990498900413513184e+00,1.619479954242706299e-01
-9.922609925270080566e-01,1.240560770034790039e+00,5.589037016034126282e-02
-8.631891012191772461e-01,-1.402907490730285645e+00,3.730032742023468018e-01
1.134675502777099609e+00,-7.432376146316528320e-01,1.089819908142089844e+00
1.273694396018981934e+00,-7.070111632347106934e-01,-9.947737455368041992e-01
-2.240106910467147827e-01,1.138062834739685059e+00,-6.899560093879699707e-01
-2.120177268981933594e+00,2.183769643306732178e-01,-2.509509325027465820e+00
9.931245446205139160e-01,-2.500697597861289978e-02,3.220195770263671875e-01
8.281838893890380859e-01,-9.941780567169189453e-01,9.101891517639160156e-01
5.315682291984558105e-01,1.566596150398254395e+00,8.425030112266540527e-02
-3.769504427909851074e-01,-1.745524525642395020e+00,-2.223191857337951660e-01
9.209033846855163574e-01,1.380556076765060425e-01,-5.815210342407226562e-01
2.206473350524902344e+00,7.368135452270507812e-01,5.598362088203430176e-01
-4.825808405876159668e-01,-9.030858874320983887e-01,1.263908386230468750e+00
-2.890561223030090332e-01,-2.724868535995483398e+00,2.231965512037277222e-01
-7.206474989652633667e-02,1.676756262779235840e+00,7.977061867713928223e-01
1.030514478683471680e+00,5.249395370483398438e-01,1.695593744516372681e-01
8.464235663414001465e-01,4.306544065475463867e-01,2.914073504507541656e-02
-1.620309591293334961e+00,1.183714032173156738e+00,-1.529806613922119141e+00
-7.357181310653686523e-01,1.889175772666931152e-01,-6.578657031059265137e-01
-1.465846061706542969e+00,9.569460153579711914e-01,-2.160593509674072266e+00
-3.955642282962799072e-01,-6.830079853534698486e-02,1.726420640945434570e+00
-9.501217603683471680e-01,1.751787900924682617e+00,1.842785179615020752e-01
4.430832564830780029e-01,-5.891423225402832031e-01,5.465084314346313477e-01
7.486233115196228027e-01,3.118019402027130127e-01,1.406991839408874512e+00
-5.836799740791320801e-01,1.343089222908020020e+00,-6.027043461799621582e-01
-2.052600979804992676e-01,-6.793782114982604980e-01,-1.539451777935028076e-01
-7.090451121330261230e-01,-1.867291331291198730e-01,-7.433047294616699219e-01
8.837248086929321289e-01,-1.313392519950866699e+00,-5.434419512748718262e-01
-3.088550269603729248e-01,-1.661950200796127319e-01,6.917021870613098145e-01
-4.447898566722869873e-01,1.833044886589050293e+00,7.071116566658020020e-02
-6.135381385684013367e-02,-1.127426922321319580e-01,1.076534613966941833e-01
3.029025495052337646e-01,-9.632524847984313965e-01,-1.233794927597045898e+00
-4.958448708057403564e-01,8.565517663955688477e-01,1.632334470748901367e+00
1.177623391151428223e+00,-3.466725647449493408e-01,-3.454624116420745850e-01
-2.515142202377319336e+00,1.865624077618122101e-02,-1.439242601394653320e+00
4.136764407157897949e-01,6.834058165550231934e-01,-7.329481840133666992e-01
-1.808826327323913574e-01,-8.403832316398620605e-01,5.138412117958068848e-01
-4.437796771526336670e-02,2.210607379674911499e-01,2.448375940322875977e+00
3.394195735454559326e-01,-1.160643100738525391e+00,2.490658871829509735e-02
-9.438247680664062500e-01,-1.571086049079895020e+00,-2.615670859813690186e-01
7.463740110397338867e-01,-9.394167363643646240e-02,-3.262893110513687134e-02
-5.594753623008728027e-01,-2.095104694366455078e+00,1.175365209579467773e+00
-3.367615044116973877e-01,8.727425336837768555e-01,2.210088223218917847e-01
-4.540206193923950195e-01,-3.676863312721252441e-01,-8.463124632835388184e-01
1.401941895484924316e+00,-1.005540192127227783e-01,2.240760326385498047e-01
-6.221985816955566406e-01,-1.460974693298339844e+00,-4.444260597229003906e-01
1.552132248878479004e+00,-8.136195540428161621e-01,-8.898037075996398926e-01
8.492047190666198730e-01,1.092537045478820801e+00,2.034649625420570374e-02
-6.479061841964721680e-01,-3.032693564891815186e-01,4.542799890041351318e-01
-1.314044594764709473e+00,-7.252425700426101685e-02,4.919974207878112793e-01
-1.108504757285118103e-01,1.545974254608154297e+00,-1.876394033432006836e+00
-4.100090265274047852e-01,-4.327299296855926514e-01,-3.498449027538299561e-01
1.510331869125366211e+00,-2.928394377231597900e-01,3.589884191751480103e-02
-9.979169964790344238e-01,-8.430342674255371094e-01,-1.931355744600296021e-01
-8.784939646720886230e-01,9.547379016876220703e-01,-1.064889669418334961e+00
-1.046732902526855469e+00,-1.336391329765319824e+00,1.195804357528686523e+00
-1.610942333936691284e-01,2.650060057640075684e-01,1.673883795738220215e+00
-4.446621239185333252e-01,-4.726734161376953125e-01,2.369627237319946289e+00
-2.744724988937377930e+00,7.215824723243713379e-01,-7.686232924461364746e-01
-1.812558174133300781e+00,1.422705352306365967e-01,-2.757296562194824219e+00
2.649253606796264648e-01,1.002450704574584961e+00,7.558539509773254395e-01
6.820346117019653320e-01,1.398075073957443237e-01,-4.183860123157501221e-01
9.942986965179443359e-01,7.505113482475280762e-01,6.497275829315185547e-01
-2.101181983947753906e+00,-1.435656666755676270e+00,-2.928900003433227539e+00
1.631199002265930176e+00,1.133828043937683105e+00,9.050915837287902832e-01
-2.339264154434204102e+00,1.375066041946411133e-01,-1.503726482391357422e+00
7.173026204109191895e-01,8.098261952400207520e-01,4.920937120914459229e-01
-4.375389590859413147e-02,-1.133152842521667480e+00,1.585872650146484375e+00
4.208911061286926270e-01,3.564938902854919434e-01,3.979535400867462158e-02
2.859107963740825653e-02,1.444409132003784180e+00,-8.432643860578536987e-02
-1.525961756706237793e+00,-1.507013201713562012e+00,2.891376018524169922e-01
-1.089533209800720215e+00,8.473867774009704590e-01,-2.485276013612747192e-01
-1.133755519986152649e-01,-1.189508557319641113e+00,-1.281626820564270020e+00
7.307068109512329102e-01,9.466062784194946289e-01,3.429991304874420166e-01
-1.089053630828857422e+00,-6.173672080039978027e-01,-2.165282964706420898e-01
-5.973391532897949219e-01,1.002525568008422852e+00,-3.418553173542022705e-01
5.697500705718994141e-01,-1.251387953758239746e+00,-1.103060960769653320e+00
5.714823678135871887e-02,3.049362301826477051e-01,1.718237876892089844e+00
-3.224618732929229736e-01,-8.031001687049865723e-01,5.280275344848632812e-01
-9.635476022958755493e-02,1.578411012887954712e-01,-1.127583026885986328e+00
3.067469000816345215e-01,2.086694955825805664e+00,-3.066511079668998718e-02
1.185982942581176758e+00,-8.300587534904479980e-01,1.271749258041381836e+00
-2.981653809547424316e-01,1.057726383209228516e+00,-5.842149853706359863e-01
-3.413782641291618347e-02,1.916147321462631226e-01,-3.683546781539916992e-01
-1.294744253158569336e+00,8.110265135765075684e-01,-1.890848398208618164e+00
-5.483790040016174316e-01,-1.601310074329376221e-02,1.249893426895141602e+00
2.229101210832595825e-01,-3.425261080265045166e-01,2.506873309612274170e-01
1.668522506952285767e-01,4.070154726505279541e-01,1.696241855621337891e+00
1.372241258621215820e+00,6.367706060409545898e-01,1.751774549484252930e+00
2.127888053655624390e-01,-1.904832273721694946e-01,6.356118619441986084e-02
2.072732925415039062e+00,2.422973632812500000e+00,1.650678873062133789e+00
-2.447975426912307739e-01,-1.248800516128540039e+00,-6.082729697227478027e-01
-7.049152851104736328e-01,1.559666752815246582e+00,-1.103974819183349609e+00
-5.942377820611000061e-02,-1.772821187973022461e+00,6.290695071220397949e-01
4.579598307609558105e-01,-1.316691517829895020e+00,-1.850120723247528076e-01
1.015943884849548340e-01,-8.052493929862976074e-01,-5.018292665481567383e-01
1.545836448669433594e+00,-1.244418621063232422e+00,-4.020074009895324707e-01
-2.073111295700073242e+00,2.634588956832885742e+00,-7.609394192695617676e-01
9.682046771049499512e-01,4.675122499465942383e-01,1.786072850227355957e-01
-1.792097687721252441e-01,1.170385003089904785e+00,9.746085107326507568e-02
-8.376532196998596191e-01,1.039774939417839050e-01,1.895347386598587036e-01
-8.412335515022277832e-01,2.349919527769088745e-01,1.461348384618759155e-01
-1.284590214490890503e-01,1.323326945304870605e+00,1.720491290092468262e+00
-2.713746726512908936e-01,1.518285274505615234e-01,3.934544324874877930e-01
-1.654509782791137695e+00,-6.512840986251831055e-01,-9.493772983551025391e-01
-2.411834746599197388e-01,-1.402605921030044556e-01,6.003105044364929199e-01
-8.150478452444076538e-02,-4.402261376380920410e-01,-5.476242303848266602e-01
-6.056982874870300293e-01,9.654504060745239258e-02,4.392558038234710693e-01
2.878502845764160156e+00,-1.771814227104187012e+00,1.394382417201995850e-01
1.971206307411193848e+00,-4.851189553737640381e-01,1.040087819099426270e+00
6.551384329795837402e-01,9.654477238655090332e-01,5.399838089942932129e-01
-1.298703193664550781e+00,-9.588016569614410400e-02,-1.052165150642395020e+00
1.684849858283996582e+00,1.820448517799377441e+00,2.924947440624237061e-01
-7.035552263259887695e-01,-1.289343118667602539e+00,-4.719201326370239258e-01
1.472231388092041016e+00,-1.074750423431396484e+00,1.794728994369506836e+00
-7.468326091766357422e-01,-7.654169201850891113e-02,-6.101729348301887512e-02
2.268735617399215698e-01,1.955770611763000488e+00,-1.729111075401306152e-01
-8.201523423194885254e-01,5.975518822669982910e-01,-1.179543256759643555e+00
-9.861542582511901855e-01,-8.326013684272766113e-01,9.733229875564575195e-01
7.938922047615051270e-01,3.735485374927520752e-01,-1.490308403968811035e+00
1.177677154541015625e+00,-8.138569593429565430e-01,9.068468809127807617e-01
-8.575749993324279785e-01,8.829329162836074829e-02,1.602724552154541016e+00
-2.812830358743667603e-02,-2.209691524505615234e+00,7.584038376808166504e-01
-6.077950596809387207e-01,-2.730113267898559570e-01,2.822228074073791504e-01
-1.626199483871459961e-01,-3.187609910964965820e-01,-6.810339093208312988e-01
-8.326349258422851562e-01,1.183449402451515198e-01,-1.375799298286437988e+00
-8.486692905426025391e-01,1.225731253623962402e+00,-7.562188506126403809e-01
-7.032660841941833496e-01,-1.012213706970214844e+00,-3.377585709095001221e-01
-5.363273620605468750e-01,2.159533202648162842e-01,-1.526296377182006836e+00
-2.890627682209014893e-01,6.802595257759094238e-01,1.266810774803161621e+00
-1.169826626777648926e+00,7.024493217468261719e-01,7.540700435638427734e-01
-3.221160918474197388e-02,-2.694222629070281982e-01,2.634839713573455811e-01
-9.469317197799682617e-01,-4.239639043807983398e-01,-1.749025940895080566e+00
8.721535205841064453e-01,6.388519406318664551e-01,-1.466477990150451660e+00
7.391047477722167969e-01,1.689022779464721680e+00,-1.414521098136901855e+00
-8.035103678703308105e-01,3.126703500747680664e-01,1.354864835739135742e+00
-1.037251353263854980e+00,3.802670836448669434e-01,2.195245772600173950e-02
1.579844713211059570e+00,-2.062206268310546875e-01,1.160758614540100098e+00
-1.627016216516494751e-01,-7.320344448089599609e-01,-1.419861793518066406e+00
-5.474911257624626160e-02,-7.380060106515884399e-02,1.639287114143371582e+00
7.433326840400695801e-01,5.392486453056335449e-01,-9.059380292892456055e-01
-3.387582004070281982e-01,-9.642080664634704590e-01,1.638434171676635742e+00
-1.063570976257324219e-01,-6.814277917146682739e-02,1.319739699363708496e+00
-4.488373398780822754e-01,-1.538538336753845215e+00,1.242089629173278809e+00
3.074781410396099091e-02,5.041027814149856567e-02,4.219518303871154785e-01
1.749947220087051392e-01,-1.444790005683898926e+00,1.196607828140258789e+00
1.330964446067810059e+00,1.270338147878646851e-01,6.489397883415222168e-01
2.780525982379913330e-01,4.722998738288879395e-01,1.104778572916984558e-01
-6.580029129981994629e-01,5.145530700683593750e-01,-9.426968097686767578e-01
-7.049120217561721802e-02,-1.493649929761886597e-01,7.099135518074035645e-01
-1.088229417800903320e+00,-8.618818223476409912e-02,-1.652819871902465820e+00
1.136527299880981445e+00,5.101069808006286621e-01,-2.816764414310455322e-01
-5.583501458168029785e-01,5.357576012611389160e-01,1.213210821151733398e+00
-1.231374263763427734e+00,4.696216061711311340e-02,-5.896046161651611328e-01
7.698346674442291260e-02,-3.445878326892852783e-01,-8.761482834815979004e-01
-1.612201213836669922e+00,-2.138896703720092773e+00,2.179295271635055542e-01
4.980719983577728271e-01,-3.039870560169219971e-01,5.540241003036499023e-01
8.432224392890930176e-01,1.173433184623718262e+00,1.289693593978881836e+00
-1.689641237258911133e+00,-1.312591552734375000e+00,-1.919405221939086914e+00
4.052312374114990234e-01,-7.656574249267578125e-01,-1.211059167981147766e-01
-1.501605629920959473e+00,4.863265785388648510e-04,-2.114393949508666992e+00
2.381101101636886597e-01,-2.555186748504638672e-01,-1.143188402056694031e-01
-5.579103231430053711e-01,1.925362467765808105e+00,1.088399529457092285e+00
9.523770809173583984e-01,-1.063534170389175415e-01,-1.417382955551147461e+00
4.777857661247253418e-01,1.018800497055053711e+00,-3.729864060878753662e-01
1.887806057929992676e-01,1.199952125549316406e+00,-6.001912355422973633e-01
-2.691360116004943848e-01,-1.096644625067710876e-01,4.157091677188873291e-01
1.077995061874389648e+00,-1.982042431831359863e+00,8.192944526672363281e-01
-2.668712139129638672e-01,-1.505550265312194824e+00,-1.143392324447631836e+00
-3.123837895691394806e-02,-7.816951870918273926e-01,1.788455396890640259e-01
-7.218037247657775879e-01,1.634454727172851562e-01,-7.664471119642257690e-02
-1.013814210891723633e+00,-2.246775627136230469e+00,-1.960395693778991699e+00
-4.941019117832183838e-01,1.191307663917541504e+00,-3.455448448657989502e-01
1.072066426277160645e+00,-5.787927657365798950e-02,-1.804110884666442871e+00
-2.505199313163757324e-01,-8.179236650466918945e-01,-9.030448794364929199e-01
5.691553354263305664e-01,-3.401830494403839111e-01,-5.145125389099121094e-01
-8.281315118074417114e-02,-7.315619587898254395e-01,-1.088948726654052734e+00
-2.537164986133575439e-01,4.542536139488220215e-01,1.694968700408935547e+00
1.341307908296585083e-01,-1.978796005249023438e+00,-1.310302138328552246e+00
7.452140450477600098e-01,-2.061418294906616211e+00,-6.084134578704833984e-01
1.488696455955505371e+00,-1.186613082885742188e+00,5.256737470626831055e-01
9.196333289146423340e-01,1.536917686462402344e-01,2.316046714782714844e+00
-7.773975133895874023e-01,-4.799365997314453125e-01,-8.291787505149841309e-01
-1.141673803329467773e+00,1.217551708221435547e+00,-1.108317732810974121e+00
4.131854057312011719e+00,-8.619463443756103516e-01,-5.746563673019409180e-01
2.123366296291351318e-01,-4.147769212722778320e-01,1.294878959655761719e+00
1.956143081188201904e-01,-9.295518696308135986e-02,-1.683727979660034180e+00
4.820688068866729736e-02,-9.961513280868530273e-01,3.501588404178619385e-01
-1.048490285873413086e+00,-1.093682795763015747e-01,-1.119512200355529785e+00
-3.884656429290771484e-01,6.320817023515701294e-02,-1.443138867616653442e-01
-1.077016592025756836e+00,-7.712075710296630859e-01,-1.229080319404602051e+00
1.378704190254211426e+00,3.361238241195678711e-01,5.704454779624938965e-01
7.648065090179443359e-01,-3.484025299549102783e-01,-1.969881296157836914e+00
-8.651879429817199707e-01,-2.938590288162231445e+00,-4.740529358386993408e-01
1.323735594749450684e+00,-2.741241753101348877e-01,-1.097032904624938965e+00
-4.585560858249664307e-01,8.389599323272705078e-01,-3.055852651596069336e-02
5.305613875389099121e-01,1.718115806579589844e+00,-9.466930031776428223e-01
-4.926887750625610352e-01,1.969852149486541748e-01,5.982300043106079102e-01
1.739915013313293457e-01,5.124966502189636230e-01,-2.781776189804077148e-01
-4.230243861675262451e-01,5.878720879554748535e-01,-8.770363330841064453e-01
-1.260619461536407471e-01,-1.119006872177124023e+00,3.453991115093231201e-01
-1.588834881782531738e+00,2.365334749221801758e+00,-1.830472111701965332e+00
1.005251705646514893e-01,1.376934766769409180e+00,-1.216755032539367676e+00
-7.385236769914627075e-02,-1.253502964973449707e+00,2.221282720565795898e-01
-4.895581305027008057e-01,-8.031506836414337158e-02,-1.034320354461669922e+00
1.023344397544860840e+00,1.449699878692626953e+00,5.168754979968070984e-02
2.480196952819824219e+00,-8.722384572029113770e-01,1.351318836212158203e+00
1.381446570158004761e-01,-4.988173544406890869e-01,4.984005093574523926e-01
1.019394695758819580e-01,-6.464583873748779297e-01,1.315708637237548828e+00
-9.600182771682739258e-01,2.195318788290023804e-01,-1.208705544471740723e+00
-1.121671795845031738e+00,6.114886403083801270e-01,-1.035814166069030762e+00
1.982907503843307495e-01,9.496676325798034668e-01,2.024771928787231445e+00
1.681299567222595215e+00,3.988640308380126953e-01,3.699887394905090332e-01
1.524310093373060226e-02,-8.778135180473327637e-01,4.363134205341339111e-01
6.707791239023208618e-02,8.253847956657409668e-01,-4.756465554237365723e-01
-1.435098886489868164e+00,-4.135514423251152039e-02,-2.055522680282592773e+00
4.849916696548461914e-02,1.099244713783264160e+00,1.289748311042785645e+00
-5.598086118698120117e-02,-1.058265924453735352e+00,-1.855196207761764526e-01
1.284033417701721191e+00,2.136670798063278198e-01,-5.866029262542724609e-01
4.155897200107574463e-01,-1.103307485580444336e+00,-8.315547704696655273e-01
3.465420603752136230e-01,-1.050117850303649902e+00,-1.117345094680786133e+00
1.075134634971618652e+00,4.496341645717620850e-01,-1.768588542938232422e+00
-7.762144804000854492e-01,3.908182978630065918e-01,1.627400517463684082e+00
6.359247863292694092e-02,-1.189524173736572266e+00,8.925849199295043945e-01
-1.560154706239700317e-01,-1.015044212341308594e+00,5.228008031845092773e-01
-1.558680832386016846e-01,-8.527337014675140381e-02,8.094381093978881836e-01
-1.791669011116027832e+00,-7.589876651763916016e-01,-1.795790672302246094e+00
-6.456421017646789551e-01,7.690830230712890625e-01,1.090770483016967773e+00
8.467183709144592285e-01,1.904748201370239258e+00,2.487004041671752930e+00
-1.218015789985656738e+00,3.627131879329681396e-01,-2.090326309204101562e+00
7.028506994247436523e-01,4.478175640106201172e-01,-7.538080960512161255e-02
-3.220022022724151611e-01,-1.592201143503189087e-01,3.569624423980712891e-01
-1.560553073883056641e+00,1.991468787193298340e+00,-1.719396829605102539e+00
4.452005624771118164e-01,-1.098637357354164124e-01,1.418764591217041016e-01
5.634997040033340454e-02,-5.307472348213195801e-01,-1.185666173696517944e-01
6.196088194847106934e-01,-2.125082612037658691e-01,-6.512954235076904297e-01
1.460485339164733887e+00,-3.783582746982574463e-01,-5.123783349990844727e-01
-1.029514968395233154e-01,-5.968120098114013672e-01,-1.664893865585327148e+00
-3.086837530136108398e-01,2.903681695461273193e-01,1.248465776443481445e+00
9.196453690528869629e-01,-3.152156174182891846e-01,-1.639729887247085571e-01
-1.244008183479309082e+00,-6.667416691780090332e-01,-6.674209237098693848e-01
9.586211293935775757e-02,3.020374476909637451e-01,6.153170466423034668e-01
5.847539380192756653e-02,-8.323329091072082520e-01,-3.846494248136878014e-03
-3.354088962078094482e-02,-2.342740297317504883e-01,1.001435637474060059e+00
-9.229354858398437500e-01,-1.108762264251708984e+00,-8.585228323936462402e-01
-1.668663144111633301e+00,6.529702544212341309e-01,3.329704105854034424e-01
5.618872642517089844e-01,3.900411725044250488e-01,1.122187614440917969e+00
-4.969771802425384521e-01,-1.963951587677001953e+00,4.721605777740478516e-01
8.971684575080871582e-01,9.362026453018188477e-01,-4.267104268074035645e-01
-1.249455451965332031e+00,1.542114615440368652e+00,1.521635055541992188e+00
5.130449533462524414e-01,1.714771986007690430e-01,-6.376381516456604004e-01
7.073495388031005859e-01,8.323240280151367188e-01,1.100410670042037964e-01
-5.250654220581054688e-01,5.611667633056640625e-01,-5.887357592582702637e-01
1.823194622993469238e+00,2.675234079360961914e-01,1.038980722427368164e+00
-1.719632297754287720e-01,-9.009912014007568359e-01,1.752677440643310547e+00
-1.299930363893508911e-01,-3.909339904785156250e-01,5.942578911781311035e-01
7.797143459320068359e-01,-6.807863712310791016e-01,-2.000201344490051270e-01
-8.757611513137817383e-01,-1.888285428285598755e-01,6.019309759140014648e-01
9.843498468399047852e-01,1.670811176300048828e+00,-1.545350551605224609e+00
2.995455265045166016e-02,1.031174778938293457e+00,5.912694334983825684e-01
-5.330608487129211426e-01,-6.332543492317199707e-01,1.583332419395446777e+00
-1.187146902084350586e+00,-4.356987774372100830e-01,-5.228922143578529358e-02
-1.405685901641845703e+00,-5.397766232490539551e-01,-2.170614719390869141e+00
1.300113677978515625e+00,1.001190543174743652e+00,-7.909459471702575684e-01
2.072689831256866455e-01,-4.968794882297515869e-01,-1.106663942337036133e+00
-2.530514597892761230e-01,-3.033396005630493164e-01,1.109293341636657715e+00
-9.530243873596191406e-01,1.059967279434204102e+00,-2.501730620861053467e-01
-8.572746515274047852e-01,-1.030680298805236816e+00,-6.525717973709106445e-01
-2.702268123626708984e+00,-1.539815783500671387e+00,-2.859381914138793945e+00
-1.787329792976379395e+00,2.031950801610946655e-01,-2.571979045867919922e+00
9.101485013961791992e-01,-3.485507667064666748e-01,5.630818605422973633e-01
1.577578783035278320e+00,-3.766902089118957520e-01,-1.016020298004150391e+00
9.857844114303588867e-01,1.064988613128662109e+00,4.314264953136444092e-01
3.450821340084075928e-01,-2.014707326889038086e-01,-2.277324676513671875e+00
-3.270129561424255371e-01,-2.785341441631317139e-01,2.930786609649658203e-01
-8.354464173316955566e-01,1.734844326972961426e+00,9.290719628334045410e-01
-4.516201317310333252e-01,1.852962732315063477e+00,1.176626920700073242e+00
2.880685031414031982e-01,1.758129239082336426e+00,-3.191079199314117432e-02
-1.047000885009765625e-01,1.232648968696594238e+00,5.024056881666183472e-02
1.891148328781127930e+00,-2.526337504386901855e-01,6.965558528900146484e-01
5.349912047386169434e-01,-3.206115961074829102e-01,-1.073619127273559570e+00
1.126378536224365234e+00,9.004768729209899902e-01,-6.104280948638916016e-01
-1.506198406219482422e+00,3.453606128692626953e+00,-2.338786363601684570e+00
8.541692495346069336e-01,2.424775362014770508e-01,-8.767776489257812500e-01
-3.779386579990386963e-01,1.110195875167846680e+00,-8.588424324989318848e-01
8.361227512359619141e-01,-2.000493854284286499e-01,7.680725455284118652e-01
1.175756692886352539e+00,-5.519381761550903320e-01,-9.703896641731262207e-01
2.629856586456298828e+00,8.591400980949401855e-01,1.241736650466918945e+00
-8.147651702165603638e-02,-4.357563555240631104e-01,2.922053635120391846e-01
1.362439274787902832e+00,-1.868497490882873535e+00,-1.494341969490051270e+00
-1.028289318084716797e+00,9.670906066894531250e-01,-1.775300502777099609e+00
6.071373820304870605e-01,-2.893827676773071289e+00,1.171647548675537109e+00
-1.968408346176147461e+00,-5.015639662742614746e-01,-7.838196158409118652e-01
-4.223388433456420898e-01,-1.634958684444427490e-01,-8.602813482284545898e-01
9.943659305572509766e-01,1.804220378398895264e-01,2.539050102233886719e+00
1.450514078140258789e+00,-7.699052095413208008e-01,1.094972729682922363e+00
2.582722008228302002e-01,1.793443560600280762e-01,-1.032824873924255371e+00
5.155109167098999023e-01,1.292413949966430664e+00,-7.485191524028778076e-02
-3.593584895133972168e-01,5.711557269096374512e-01,-3.991892337799072266e-01
1.565757244825363159e-01,1.539984196424484253e-01,-1.125569820404052734e+00
-1.949977278709411621e-01,6.067582964897155762e-01,1.965890079736709595e-02
-4.530491307377815247e-02,-1.531725168228149414e+00,1.277963042259216309e+00
3.434528708457946777e-01,8.432191014289855957e-01,-7.547106593847274780e-02
9.354287385940551758e-01,-1.438306927680969238e+00,-1.845887899398803711e+00
6.480292081832885742e-01,-1.127218842506408691e+00,7.233774065971374512e-01
-7.950311303138732910e-01,1.615345925092697144e-01,2.201738119125366211e+00
-1.455831408500671387e+00,-8.604747126810252666e-04,-1.673528313636779785e+00
-1.452823281288146973e-01,-2.452157288789749146e-01,4.270710945129394531e-01
-2.873395085334777832e-01,-5.846446156501770020e-01,1.952081620693206787e-01
6.043232977390289307e-02,-3.668307960033416748e-01,8.280635625123977661e-02
-9.470172524452209473e-01,-2.045978456735610962e-01,-1.496990442276000977e+00
8.340347409248352051e-01,6.694136857986450195e-01,2.384288758039474487e-01
1.728371858596801758e+00,4.049338996410369873e-01,-5.259780287742614746e-01
1.594911098480224609e+00,-2.701247110962867737e-02,-2.430855482816696167e-01
2.056827545166015625e+00,-9.711298942565917969e-01,5.518919229507446289e-01
-8.649366497993469238e-01,8.970289491117000580e-03,-1.737390160560607910e-01
-5.400680899620056152e-01,-6.551568210124969482e-02,-2.909024953842163086e-01
-2.855260074138641357e-01,1.912290900945663452e-01,1.274246424436569214e-01
9.896172881126403809e-01,7.697319984436035156e-01,1.558784693479537964e-01
7.532591819763183594e-01,1.304692506790161133e+00,-1.713631987571716309e+00
6.063017845153808594e-01,-4.244894683361053467e-01,-1.132820248603820801e+00
-9.885064363479614258e-01,-5.116648077964782715e-01,-7.109878063201904297e-01
6.007346510887145996e-01,-1.873041152954101562e+00,2.638320326805114746e-01
1.188709378242492676e+00,-1.052104949951171875e+00,1.308737397193908691e-01
7.911540567874908447e-03,4.054621756076812744e-01,-1.391420364379882812e+00
2.294485092163085938e+00,1.184904217720031738e+00,8.978458046913146973e-01
-1.564131140708923340e+00,1.571667753159999847e-02,-1.216685175895690918e+00
8.880808949470520020e-01,7.607088685035705566e-01,5.734149813652038574e-01
-1.610670447349548340e+00,9.409514069557189941e-01,-3.233524262905120850e-01
4.107105731964111328e-01,-3.483634293079376221e-01,-1.182011723518371582e+00
-1.353712826967239380e-01,1.731430172920227051e+00,-8.070820569992065430e-01
1.334588170051574707e+00,-5.638321042060852051e-01,-9.742524623870849609e-01
-3.801937103271484375e-01,1.459760189056396484e+00,7.821252346038818359e-01
-1.585955500602722168e+00,6.046084761619567871e-01,-1.979532718658447266e+00
1.535955786705017090e+00,9.418943524360656738e-01,2.263170957565307617e+00
-6.858918070793151855e-02,9.076016545295715332e-01,1.124983310699462891e+00
-9.788745045661926270e-01,-2.455796748399734497e-01,-2.938671708106994629e-01
5.154436230659484863e-01,1.608083128929138184e+00,-4.576483741402626038e-02
6.668927669525146484e-01,1.499010205268859863e+00,-5.123156905174255371e-01
3.212914168834686279e-01,-1.663914680480957031e+00,-1.275257349014282227e+00
-5.331434011459350586e-01,4.309909045696258545e-01,-1.706545114517211914e+00
1.015301585197448730e+00,-8.139599561691284180e-01,-4.999867677688598633e-01
-7.250534296035766602e-01,8.818567395210266113e-01,2.093085527420043945e+00
3.060903549194335938e-01,-1.689113378524780273e+00,2.107331603765487671e-01
-2.119501680135726929e-01,-5.874957442283630371e-01,8.421792984008789062e-01
7.839291095733642578e-01,-2.151384651660919189e-01,8.206137418746948242e-01
-1.868100643157958984e+00,-6.241169571876525879e-01,-1.607452392578125000e+00
-1.085319966077804565e-01,-1.161764621734619141e+00,-2.741719782352447510e-01
-1.616241037845611572e-01,-1.028247833251953125e+00,-5.507369041442871094e-01
-1.231618404388427734e+00,-3.778327107429504395e-01,9.785199761390686035e-01
-1.501073122024536133e+00,1.378017902374267578e+00,-7.731956243515014648e-01
-2.510215938091278076e-01,-1.663997769355773926e+00,-4.012823402881622314e-01
-2.020964473485946655e-01,-3.926891386508941650e-01,1.759767293930053711e+00
4.273895919322967529e-01,-3.976014852523803711e-01,-5.805987119674682617e-01
6.040366291999816895e-01,-3.192121163010597229e-02,7.778851985931396484e-01
2.498116344213485718e-01,-6.196681857109069824e-01,8.106691241264343262e-01
-9.746541380882263184e-01,-1.079445242881774902e+00,4.795740544795989990e-01
5.593703389167785645e-01,-2.760840952396392822e-01,-4.682213962078094482e-01
4.937481582164764404e-01,-8.342093825340270996e-01,7.325593233108520508e-01
-1.383318901062011719e+00,-2.440631538629531860e-01,-9.033502936363220215e-01
1.626449823379516602e-01,-1.040211081504821777e+00,-2.962709963321685791e-01
-2.957851886749267578e-01,1.213384151458740234e+00,1.323868989944458008e+00
-1.028073787689208984e+00,-1.973080039024353027e+00,2.072586119174957275e-01
3.332936465740203857e-01,3.500818014144897461e-01,-5.333038568496704102e-01
3.117017261683940887e-02,-7.381843924522399902e-01,7.443966865539550781e-01
-7.807116508483886719e-01,4.064084589481353760e-01,6.713617444038391113e-01
1.450696587562561035e+00,-5.211359858512878418e-01,2.832840979099273682e-01
5.529161095619201660e-01,3.449380695819854736e-01,-6.164830327033996582e-01
-5.034846663475036621e-01,-1.859997063875198364e-01,-3.790036439895629883e-01
-1.415979266166687012e-01,4.593339860439300537e-01,-1.248454526066780090e-01
-6.691695451736450195e-01,1.137335062026977539e+00,-1.417767047882080078e+00
4.872826635837554932e-01,-1.176579833030700684e+00,2.368181794881820679e-01
2.978695034980773926e-01,8.083966374397277832e-02,5.191919803619384766e-01
-4.434638023376464844e-01,-8.574318289756774902e-01,1.244912624359130859e+00
3.895604312419891357e-01,6.924412846565246582e-01,1.379564106464385986e-01
-1.419624090194702148e+00,-1.007636547088623047e+00,-7.898057103157043457e-01
4.888941943645477295e-01,1.248741745948791504e+00,1.636337280273437500e+00
-5.130258798599243164e-01,2.904941141605377197e-01,4.509548246860504150e-01
-8.922259211540222168e-01,6.587979942560195923e-02,-4.306382238864898682e-01
4.696586430072784424e-01,3.675942718982696533e-01,1.109862923622131348e+00
5.240305662155151367e-01,1.060212850570678711e+00,1.116368174552917480e+00
-1.129430020228028297e-03,1.384607434272766113e+00,-1.287787556648254395e+00
